number,title,state,outcome_detail,opened_at_utc,merged_at_utc,closed_at_utc,merged_by,closed_by,url,merge_sha,retained_commit_count,retained_commit_author_counts,has_maintainer_authored_commit,force_push_events,merge_has_test_file_changes,review_highlight,later_follow_up,linked_issue_numbers,retained_commit_urls,source_file_overlap_with_later_noncohort_commits
7516,fix(RcMap): preserve replacement entries during invalidated resource cleanup,MERGED,merged,2026-08-28T15:17:53Z,2026-08-30T23:47:45Z,2026-08-30T23:47:45Z,tim-smart,tim-smart,https://github.com/Effect-TS/effect/pull/7516,a29e05a907053a8617763b4e7408e1f012b59049,2,kitlangton=1; tim-smart=1,True,0,True,Tim caught a surviving idle-timer fiber and changed external entry shutdown to interrupt it before closing the resource scope; added an immediate-interruption assertion.,"External adoption: [anomalyco/opencode#46074](https://github.com/anomalyco/opencode/pull/46074) proposes a backport for Location-service cleanup. It was opened before the Effect merge and remains open, so it is not a merged post-merge correction.",7515,https://github.com/Effect-TS/effect/commit/0e4793c87c18c5e26ad7c4f21e38f84c3a6bb128; https://github.com/Effect-TS/effect/commit/76ecd2d40feaaae845287feaaf33367dd52bc14c,
7576,fix(Queue): prevent duplicate messages from resumed producers,MERGED,merged,2026-09-02T00:17:24Z,2026-09-02T00:46:14Z,2026-09-02T00:46:14Z,tim-smart,tim-smart,https://github.com/Effect-TS/effect/pull/7576,c8ea60231ad69e23c0bf319f6f6b3ff28fc45e4b,2,kitlangton=2,False,0,True,"Kit expanded the initial reproduction-only commit into the implementation, covering reentrant shutdown, capacity overruns and zero-capacity handoffs. Tim's competing #7577 was closed; Kit's PR was merged.","Related extension: [#7806](https://github.com/Effect-TS/effect/pull/7806) added manual taker flushing and dispatcher coalescing on September 3. It concerns queue scheduling, not a documented regression in this producer-handoff fix.",7575,https://github.com/Effect-TS/effect/commit/75868de8893bd80a1ed46962f66d0606e0eeb349; https://github.com/Effect-TS/effect/commit/d37e2d93237179aa63269aafc1c6dcaf1476c95c,f7490d49c75b99118c6c42549511ffa166459f59
7583,fix(RequestResolver): evict cancelled pending cache entries,MERGED,merged,2026-09-02T01:15:27Z,2026-09-02T02:16:40Z,2026-09-02T02:16:40Z,tim-smart,tim-smart,https://github.com/Effect-TS/effect/pull/7583,1a86166f102b517ee4d89dca0095e28f738eee10,2,kitlangton=1; tim-smart=1,True,0,True,Tim tightened the release note; the retained implementation cleans abandoned cache entries before delay-fiber interruption can trigger a reentrant retry.,No specific later follow-up identified.,7582,https://github.com/Effect-TS/effect/commit/982a54e4f0316a69274caa8dc0edb76edb874c36; https://github.com/Effect-TS/effect/commit/08537c17f7d7c5eb9ceefe8348509f018f331868,9956f0e6f47096a6e31305ec2c7320b8e1a140af
7584,fix(PartitionedSemaphore): preserve new waiters during stale cleanup,MERGED,merged,2026-09-02T01:15:27Z,2026-09-02T02:08:38Z,2026-09-02T02:08:38Z,tim-smart,tim-smart,https://github.com/Effect-TS/effect/pull/7584,7245f87ace09806d15893df8f0bac8f0b9b817db,2,kitlangton=1; tim-smart=1,True,0,True,Tim clarified the same-key waiter regression's name; the fix remains a last-waiter deletion guard with permit refunds outside it.,No specific later follow-up identified.,7580,https://github.com/Effect-TS/effect/commit/51bc5b4599030efab511eb3df835948fa2b5b224; https://github.com/Effect-TS/effect/commit/c16cc708fb7c3513ed6aaf087e20a0a3ebbe7e87,
7585,fix(Cache): preserve newer entries when refresh is interrupted,MERGED,merged,2026-09-02T01:15:27Z,2026-09-02T01:59:06Z,2026-09-02T01:59:06Z,tim-smart,tim-smart,https://github.com/Effect-TS/effect/pull/7585,a8588f99a43dc9b85dacb14f7be5d3e1ed994d4f,1,kitlangton=1,False,0,True,One retained Kit-authored commit; cancellation now checks entry identity before deleting a refreshed entry.,No specific later follow-up identified.,7578,https://github.com/Effect-TS/effect/commit/2e5ba52109e3b4996117b3ef6972f2fc23a38f96,
7586,fix(RcRef): preserve replacement resources during borrower cleanup,MERGED,merged,2026-09-02T01:15:27Z,2026-09-02T02:34:39Z,2026-09-02T02:34:39Z,tim-smart,tim-smart,https://github.com/Effect-TS/effect/pull/7586,222e7caa4bb0da6d81a4eabf25dffc181c20f6a3,2,kitlangton=1; tim-smart=1,True,0,True,Tim simplified release-ownership checks and adjusted the lifecycle regressions.,No specific later follow-up identified.,7579,https://github.com/Effect-TS/effect/commit/00bc7ca99aa901d171efe0b548ab61fe23e2e0d4; https://github.com/Effect-TS/effect/commit/2d24cd106c64f7263c6363ec676b78e07479488a,
7587,fix(Cache): preserve replacements during conditional invalidation,MERGED,merged,2026-09-02T01:15:28Z,2026-09-02T02:32:31Z,2026-09-02T02:32:31Z,tim-smart,tim-smart,https://github.com/Effect-TS/effect/pull/7587,debe8fdc15d00d51cf707353365d7b877123eec6,2,kitlangton=1; tim-smart=1,True,0,True,Tim clarified that both Cache and ScopedCache conditional invalidation preserve replacement entries.,No specific later follow-up identified.,7581,https://github.com/Effect-TS/effect/commit/a599f67287b749d4f517032953950186231cfae7; https://github.com/Effect-TS/effect/commit/de8a81032315fde192bad7cc8b6794d354747b92,
7594,fix(RequestResolver): preserve cached race winners,MERGED,merged,2026-09-02T02:13:11Z,2026-09-02T03:37:05Z,2026-09-02T03:37:05Z,tim-smart,tim-smart,https://github.com/Effect-TS/effect/pull/7594,0af0985d5c132b33e14a2df59e0567d7ba2a1710,1,kitlangton=1,False,1,True,One retained Kit-authored commit; late interrupted race losers cannot overwrite an already-completed cached result.,No specific later follow-up identified.,7592,https://github.com/Effect-TS/effect/commit/f43d69f9fd3f4f3abbe6251f7df425bc7d19a2be,
7595,fix(Cache): preserve replacement values after zero-TTL refresh,MERGED,merged,2026-09-02T02:13:11Z,2026-09-02T02:40:14Z,2026-09-02T02:40:14Z,tim-smart,tim-smart,https://github.com/Effect-TS/effect/pull/7595,f30cbfe53951128ad8124ae733f12423dbc78bd8,1,kitlangton=1,False,0,True,One retained Kit-authored commit; zero-TTL refresh completion removes only its own pending entry.,No specific later follow-up identified.,7590,https://github.com/Effect-TS/effect/commit/96963eee89bdcd73ad08d88843580467b3b3d18c,
7596,fix(Cache): enforce capacity when publishing refreshed entries,MERGED,merged,2026-09-02T02:13:12Z,2026-09-02T02:41:11Z,2026-09-02T02:41:11Z,tim-smart,tim-smart,https://github.com/Effect-TS/effect/pull/7596,f17eb0a6f669e09647c5ded5832ea6baac596659,1,kitlangton=1,False,0,True,One retained Kit-authored commit; both cache implementations enforce capacity after refresh republishes an evicted key.,No specific later follow-up identified.,7593,https://github.com/Effect-TS/effect/commit/6635c3169c6bbfc1826a145d9cdae00f445e2879,
7597,fix(RequestResolver): register requests before synchronous delays,CLOSED,closed_unmerged_no_recorded_reason,2026-09-02T02:13:12Z,,2026-09-02T02:42:41Z,,tim-smart,https://github.com/Effect-TS/effect/pull/7597,,1,kitlangton=1,False,0,,Tim closed the PR without an explanatory comment. One retained Kit-authored commit.,No confirmed merged replacement identified.,7589,https://github.com/Effect-TS/effect/commit/84b9fde758b791921715a7fa4f3114f06e0f1367,
7598,fix(RcRef): reject acquisitions completed after owner shutdown,MERGED,merged,2026-09-02T02:13:12Z,2026-09-02T02:55:25Z,2026-09-02T02:55:26Z,tim-smart,tim-smart,https://github.com/Effect-TS/effect/pull/7598,bb99734ef87bcc377c628bc4072aa856ce5f7ca6,1,kitlangton=1,False,2,True,One retained Kit-authored commit; late acquisition checks Closed before publishing and releases the resource through the existing failure path.,No specific later follow-up identified.,7591,https://github.com/Effect-TS/effect/commit/e55d7b9f784811600ab882eefc8a56af7b0f425a,
7603,fix(PubSub): advance sliding subscribers past dropped messages,MERGED,merged,2026-09-02T02:36:12Z,2026-09-02T03:10:13Z,2026-09-02T03:10:13Z,tim-smart,tim-smart,https://github.com/Effect-TS/effect/pull/7603,1320075fd4ed381f60f6f37f280dbec17cb29b81,2,kitlangton=1; tim-smart=1,True,0,True,Tim revised capacity-one polling and unsubscribe handling and strengthened the regression coverage before merge.,"Confirmed correction: [#7607](https://github.com/Effect-TS/effect/pull/7607), merged September 2, explicitly follows this PR. It prevents pollUpTo from confusing a published MutableList.Empty value with absence and strengthens unsubscribe/resubscribe coverage.",7601,https://github.com/Effect-TS/effect/commit/50c2f82b181addfff55c665221f2be43644ac296; https://github.com/Effect-TS/effect/commit/239bf7c65907380e8b7fbac81cfb2b09a59b8d4f,5f8ad105c06fb4810059999fde17ce393940a136
7604,fix(Pool): preserve reservations during borrower release,MERGED,merged,2026-09-02T02:36:13Z,2026-09-02T03:19:40Z,2026-09-02T03:19:40Z,tim-smart,tim-smart,https://github.com/Effect-TS/effect/pull/7604,cd83544dd594b99e8ea0d7a7645c086f5861769b,3,kitlangton=1; tim-smart=2,True,0,True,"Tim corrected overlapping-reservation accounting and excluded reserved items from usage-TTL reclamation, then tightened the changeset.",No specific later follow-up identified.,7599,https://github.com/Effect-TS/effect/commit/15c2ef0008d4f6180ca2feb7fc2d939a2cbe7412; https://github.com/Effect-TS/effect/commit/286d00c34a37c31f8050b9b1c748def0d53f0732; https://github.com/Effect-TS/effect/commit/71106107fbc5012ac5549ed68f8d26de46af7682,
7605,fix(RcMap): handle synchronous lookup defects,MERGED,merged,2026-09-02T02:36:13Z,2026-09-02T02:46:24Z,2026-09-02T02:46:24Z,tim-smart,tim-smart,https://github.com/Effect-TS/effect/pull/7605,1aa1d8bd0f2c2d429938657927f34f8ff0f940a0,1,kitlangton=1,False,0,True,One retained Kit-authored commit; suspending lookup construction lets existing fiber cleanup handle synchronous defects.,No specific later follow-up identified.,7600,https://github.com/Effect-TS/effect/commit/ae220b3d1399f5103ce487d6f434ee31580af380,
7606,fix(ScopedCache): detach invalidated entries before finalization,MERGED,merged,2026-09-02T02:36:13Z,2026-09-02T02:48:27Z,2026-09-02T02:48:28Z,tim-smart,tim-smart,https://github.com/Effect-TS/effect/pull/7606,78a42697f6085c87c09b18e8095bb7541bd65261,1,kitlangton=1,False,0,True,One retained Kit-authored commit; bulk invalidation snapshots and clears entries before running reentrant finalizers.,No specific later follow-up identified.,7602,https://github.com/Effect-TS/effect/commit/698c8d1b1c9460883849b27d48d671b0d4a29e2b,
7612,fix(ScopedCache): capture refresh lookup callback defects,MERGED,merged,2026-09-02T03:19:16Z,2026-09-02T04:07:42Z,2026-09-02T04:07:42Z,tim-smart,tim-smart,https://github.com/Effect-TS/effect/pull/7612,06c6307d3d5538bc398c67a44239bc3d52ab1a4d,2,kitlangton=1; tim-smart=1,True,0,True,Tim reduced the refresh-defect fixture to focused missing-key/existing-key coverage and shortened the release note.,No specific later follow-up identified.,7609,https://github.com/Effect-TS/effect/commit/dc20c0b5b29bd904eed30776494fab4f590d263d; https://github.com/Effect-TS/effect/commit/cd4e13418b67d205bd4fbced87a0ba47f39901ff,
7613,fix(RequestResolver): preserve persisted batch failure results,MERGED,merged,2026-09-02T03:19:16Z,2026-09-02T04:12:03Z,2026-09-02T04:12:03Z,tim-smart,tim-smart,https://github.com/Effect-TS/effect/pull/7613,0856631a89d8f72d206c366905ddac75468a8e85,2,kitlangton=1; tim-smart=1,True,1,True,Tim reduced the persisted-batch failure reproduction and clarified the changeset.,No specific later follow-up identified.,7610,https://github.com/Effect-TS/effect/commit/e6106080a2480f0ffaaa98db6869775bd543ccb2; https://github.com/Effect-TS/effect/commit/e06eadf7ecb26eb95b85cbdcf7c7254a89833631,
7614,fix(Cache): avoid caching synchronous interruptions,MERGED,merged,2026-09-02T03:19:16Z,2026-09-02T04:11:47Z,2026-09-02T04:11:47Z,tim-smart,tim-smart,https://github.com/Effect-TS/effect/pull/7614,78cc9c0d0f36b59f7034b2ace56a4a5c02b7a551,2,kitlangton=1; tim-smart=1,True,0,True,Tim minimized the synchronous-interruption regression and shortened the release note.,No specific later follow-up identified.,7608,https://github.com/Effect-TS/effect/commit/ef35bf94706d3275303c94c1526eaf2f402d47d8; https://github.com/Effect-TS/effect/commit/7c8b68ac191b041fb3797be79a439b8a51f4e755,
7615,fix(FiberMap): retain reentrant replacement ownership,MERGED,merged,2026-09-02T03:19:17Z,2026-09-02T03:35:26Z,2026-09-02T03:35:26Z,tim-smart,tim-smart,https://github.com/Effect-TS/effect/pull/7615,8ac53b6ae677f06d88d7d81f932ab5ff9b59a10e,1,kitlangton=1,False,0,True,One retained Kit-authored commit; install the new fiber before interrupting its predecessor so reentrant replacements remain owned.,No specific later follow-up identified.,7611,https://github.com/Effect-TS/effect/commit/2ab42f31d6767636081c4247c6189e3973db682f,
7617,fix(Chunk): preserve sliced elements during concatenation,MERGED,merged,2026-09-02T04:16:00Z,2026-09-02T05:01:23Z,2026-09-02T05:01:23Z,tim-smart,tim-smart,https://github.com/Effect-TS/effect/pull/7617,02be94ce78a3c9fc1e4c516d37d8e11e1c0eef2e,3,kitlangton=1; tim-smart=2,True,0,True,Tim reduced the sliced-concatenation regression and switched it to the shared assertion helper.,No specific later follow-up identified.,7616,https://github.com/Effect-TS/effect/commit/973047c042877db32d836f5158275638be694de0; https://github.com/Effect-TS/effect/commit/b59aced9bd556d10c2c6e831f3adebb079b3862f; https://github.com/Effect-TS/effect/commit/076dab15d3975cdf92b1c6f9c15fea9372263db8,
7619,fix(Struct): honor numeric property selections,MERGED,merged,2026-09-02T04:16:05Z,2026-09-02T04:57:46Z,2026-09-02T04:57:46Z,tim-smart,tim-smart,https://github.com/Effect-TS/effect/pull/7619,8efc70ea16bee43fd9adde2871cf82a8131b80a0,3,tim-smart=3,True,1,True,The retained branch is Tim-authored test/fix/refactor commits; the final selector predicate avoids allocating a Set while matching numeric property keys.,No specific later follow-up identified.,7618,https://github.com/Effect-TS/effect/commit/3590da773f2c518df14fce470d5982ad1dc72691; https://github.com/Effect-TS/effect/commit/39bfa4b5dbd5d4f73ca5142edded39e9a4dd9892; https://github.com/Effect-TS/effect/commit/16d03a13780ce00f33ffce35dbf1a1a0af942c78,
7621,fix(DateTime): apply calendar parts without intermediate overflow,MERGED,merged,2026-09-02T04:16:09Z,2026-09-02T04:46:48Z,2026-09-02T04:46:48Z,tim-smart,tim-smart,https://github.com/Effect-TS/effect/pull/7621,f05ae0b3fd2cfc7f12b668af244b3cf3fae59bc5,3,kitlangton=1; tim-smart=2,True,0,True,"Tim isolated a failing calendar-overflow test and applied year, month and day atomically with setUTCFullYear.",No specific later follow-up identified.,7620,https://github.com/Effect-TS/effect/commit/448e2951da9c21ccb6eb6569874c74ade8a3e015; https://github.com/Effect-TS/effect/commit/0b6965d0779730b01326bde81ef113f0c7bfbbb4; https://github.com/Effect-TS/effect/commit/2b62c68c6a06b4fab14b014ebf96dadce6036e8d,
7623,fix(UrlParams): coerce scalar null inputs,MERGED,merged,2026-09-02T04:16:13Z,2026-09-02T04:42:13Z,2026-09-02T04:42:13Z,tim-smart,tim-smart,https://github.com/Effect-TS/effect/pull/7623,59812fd221cde16fc77c03d326c6a2cf8fbec6b9,3,kitlangton=1; tim-smart=2,True,0,True,"Tim isolated the scalar-null reproduction, reduced the tests and reapplied the null recursion guard.",No specific later follow-up identified.,7622,https://github.com/Effect-TS/effect/commit/69fc95c93b6d8c0ef7259d865a66cddd7b4598e1; https://github.com/Effect-TS/effect/commit/2c763fd30c0e2589b6e5bb2cca2b391418e26978; https://github.com/Effect-TS/effect/commit/7070a53e078e0799b9435ecb1b389f490004f216,
7625,fix(HashMap): isolate extracted collision entries,MERGED,merged,2026-09-02T04:16:17Z,2026-09-02T04:47:31Z,2026-09-02T04:47:31Z,tim-smart,tim-smart,https://github.com/Effect-TS/effect/pull/7625,f921ed305c63415dc468e94d9319cc3237119138,3,kitlangton=1; tim-smart=2,True,0,True,Tim reduced the collision reproduction and landed fresh iterator tuples to prevent callers mutating stored bindings.,No specific later follow-up identified.,7624,https://github.com/Effect-TS/effect/commit/4f43b8d40aaed1d1d19595c5045b29c0f418938b; https://github.com/Effect-TS/effect/commit/23cff003ec1d019d2cf59db4e7145bad5bce3547; https://github.com/Effect-TS/effect/commit/94c5cbdc4a262e50d0c3d3b8f88ee5a11187d8e0,
7627,fix(Headers): match stateful redaction patterns independently,MERGED,merged,2026-09-02T04:16:21Z,2026-09-02T04:57:26Z,2026-09-02T04:57:26Z,tim-smart,tim-smart,https://github.com/Effect-TS/effect/pull/7627,aa0aba383382ca1b99fbe618dceba63c3a5a6a53,4,kitlangton=1; tim-smart=3,True,0,True,"Tim added caller-owned regex-cursor checks and changed the implementation to String.search, avoiding mutation of global/sticky lastIndex.",No specific later follow-up identified.,7626,https://github.com/Effect-TS/effect/commit/ae6e0863aeaf98db1cf34c95060b4b7c96f7ab16; https://github.com/Effect-TS/effect/commit/c5103368ecf8571835da6f02dea982cbd0c4fcbd; https://github.com/Effect-TS/effect/commit/43f5f8ada2b8880a8203fe3180ebd79624de1cc3; https://github.com/Effect-TS/effect/commit/95ab45e727dbf14b4211630b33434129b51b61f6,
7629,fix(Headers): compare redacted names case-insensitively,MERGED,merged,2026-09-02T04:16:24Z,2026-09-02T04:43:18Z,2026-09-02T04:43:18Z,tim-smart,tim-smart,https://github.com/Effect-TS/effect/pull/7629,829aff97d71d7900b7765ba2f63e33874b898cdc,3,kitlangton=1; tim-smart=2,True,0,True,Tim isolated a failing case-insensitive match test and landed the lowercased string comparison.,No specific later follow-up identified.,7628,https://github.com/Effect-TS/effect/commit/6faedae12df6df20a9995d72e8f30353448d904d; https://github.com/Effect-TS/effect/commit/31c027374634848c60fa9a59dd7ee092aba7a81b; https://github.com/Effect-TS/effect/commit/e5b7ea715cedf295deaa3b513085d463f8fd3417,
7631,fix(UrlParams): preserve immutable setAll overrides,MERGED,merged,2026-09-02T04:16:29Z,2026-09-02T05:13:08Z,2026-09-02T05:13:08Z,tim-smart,tim-smart,https://github.com/Effect-TS/effect/pull/7631,f9d0dec12c5f229f05d7a74d532a85c6bbffefbf,3,kitlangton=1; tim-smart=2,True,1,True,Tim reduced the reusable-override regression and landed copy-before-append behavior.,No specific later follow-up identified.,7630,https://github.com/Effect-TS/effect/commit/cdd6f5e2b16834a00b60dc3d45371f49bf6ad842; https://github.com/Effect-TS/effect/commit/f5e8e7b1a362ac77a3fa7ffc84ed08c7da7d51ef; https://github.com/Effect-TS/effect/commit/2559fd9ddc42f4b2ada085413f4d0709fc02f8a6,
7633,fix(sql): compile identifiers in returning helpers,MERGED,merged,2026-09-02T04:16:33Z,2026-09-02T04:39:19Z,2026-09-02T04:39:20Z,tim-smart,tim-smart,https://github.com/Effect-TS/effect/pull/7633,1693a877324273f5a23fa7d7fc892f4ee12f20c2,2,kitlangton=1; tim-smart=1,True,0,True,Tim tightened the changeset; identifier wrapping remains in shared SQL-core compilation.,No specific later follow-up identified.,7632,https://github.com/Effect-TS/effect/commit/66535d59ad8c5085e82862286053a2b3d3b913da; https://github.com/Effect-TS/effect/commit/6bb5f755a102215db01f95e2c164b604d99c2ebb,ef165814eae0a199fdca5b3c2839bb4fcdfd5b5d
7635,fix(sql): renumber cached returning fragments,MERGED,merged,2026-09-02T04:16:37Z,2026-09-02T04:48:24Z,2026-09-02T04:48:24Z,tim-smart,tim-smart,https://github.com/Effect-TS/effect/pull/7635,7bd3f34385a06157b249a351e32ffdcbe1cf2c37,3,kitlangton=1; tim-smart=2,True,0,True,Tim isolated the cached-placeholder regression and landed the nested-allocation cache bypass.,No specific later follow-up identified.,7634,https://github.com/Effect-TS/effect/commit/068f260cd5188578eb46a03d78698826407b4309; https://github.com/Effect-TS/effect/commit/4ad635d9203b6c8814e9622e554a0341aa0f7581; https://github.com/Effect-TS/effect/commit/100074f6646ce73b83f4b9c5513ff5527dc00baa,ef165814eae0a199fdca5b3c2839bb4fcdfd5b5d
7637,fix(Prompt): preserve text parts during serialization,MERGED,merged,2026-09-02T04:16:41Z,2026-09-02T04:55:13Z,2026-09-02T04:55:13Z,tim-smart,tim-smart,https://github.com/Effect-TS/effect/pull/7637,44464510114773e1ebd1abb6efffa382cf69998e,2,tim-smart=2,True,1,True,The retained branch is Tim-authored reproduction/fix commits; compact encoding is now restricted to a single option-free text part.,No specific later follow-up identified.,7636,https://github.com/Effect-TS/effect/commit/05249b0b2426d6b27c5a953262fb9775e45e5748; https://github.com/Effect-TS/effect/commit/def8a879c1eb1458a8e793753cecd1fb88fafd67,
7639,fix(Prompt): retain JSON-restorable response attachments,MERGED,merged,2026-09-02T04:16:46Z,2026-09-02T04:50:48Z,2026-09-02T04:50:48Z,tim-smart,tim-smart,https://github.com/Effect-TS/effect/pull/7639,58be97238ee1f6cd26f6a3a645d1df97a091a224,3,kitlangton=1; tim-smart=2,True,0,True,Tim reproduced attachment loss and landed response-file conversion with JSON-restorable base64 payloads.,No specific later follow-up identified.,7638,https://github.com/Effect-TS/effect/commit/a4e9f10d71aa13b01451db5de787d417178afc74; https://github.com/Effect-TS/effect/commit/27bdfa47a201a892697b86edc809b5d894f29890; https://github.com/Effect-TS/effect/commit/fe32019611b5860d5756c68a916953b44817fbfd,
7641,fix(SchemaGetter): preserve duplicate array-valued leaves,MERGED,merged,2026-09-02T04:16:50Z,2026-09-02T05:02:56Z,2026-09-02T05:02:56Z,tim-smart,tim-smart,https://github.com/Effect-TS/effect/pull/7641,629870d461b36d3dacb30c8d203b8d20d4beaba0,2,kitlangton=1; tim-smart=1,True,0,True,Tim reduced the duplicate array-leaf regression; caller arrays are distinguished from internal accumulation buffers.,"Related hardening: [#7855](https://github.com/Effect-TS/effect/pull/7855), merged September 3, applies canonical JavaScript index validation to bracket-path parsing. It changes the same tree-building path, not the duplicate-leaf ownership fix.",7640,https://github.com/Effect-TS/effect/commit/5c706ec5c202d2201ace5d95883080788b9c340d; https://github.com/Effect-TS/effect/commit/eada542b09bef264730cefe5e97d607e349154ef,4372c79a32fcecc7b6b284d49a215b2c4fef9d77
7655,fix(Stream): preserve large source chunks when rechunking,MERGED,merged,2026-09-02T18:49:56Z,2026-09-03T01:08:27Z,2026-09-03T01:08:27Z,tim-smart,tim-smart,https://github.com/Effect-TS/effect/pull/7655,2e39e8bafef7d3fee9f3b324b7d50cc064376667,3,kitlangton=1; tim-smart=2,True,0,True,Tim strengthened the large/split-chunk regressions and requested an indexed loop instead of spreading or iterating the chunk indirectly.,No specific later follow-up identified.,7654,https://github.com/Effect-TS/effect/commit/c749fad3b3e122e069617261ef585c7350693f8b; https://github.com/Effect-TS/effect/commit/7e7c55b72f8f3a4ff0d7836094dcb3d500f02fcb; https://github.com/Effect-TS/effect/commit/86484819fd9054f8872939dbf0913c9823c63dd3,93f32c93ca0ba14ac454385796322d0a4a1ef7d7; b845b186379106c17ed4b1149e2462cd0d2d77b5
7657,refactor(Channel): remove runDone,MERGED,merged,2026-09-02T18:50:01Z,2026-09-03T01:10:04Z,2026-09-03T01:10:04Z,tim-smart,tim-smart,https://github.com/Effect-TS/effect/pull/7657,381b79464f8e0a520585fdcfdd3e95e0553d0b27,3,kitlangton=1; tim-smart=2,True,0,True,"API redesign: Kit proposed fixing runDone's completion value; Tim removed the redundant API in favor of runDrain and updated tests, docs and migration guidance.",No specific later follow-up identified.,7656,https://github.com/Effect-TS/effect/commit/3e431754cee6d783f547d15e9e23f1d4e88a9eff; https://github.com/Effect-TS/effect/commit/912665ed24fbfa0873dec828c504dbfbafe6756d; https://github.com/Effect-TS/effect/commit/b3228e1915c8209cc8f902280f7fc0c0c62af971,b845b186379106c17ed4b1149e2462cd0d2d77b5
7659,fix(Sink): preserve unconsumed leftovers in flatMap,MERGED,merged,2026-09-02T18:50:05Z,2026-09-03T00:44:57Z,2026-09-03T00:44:57Z,tim-smart,tim-smart,https://github.com/Effect-TS/effect/pull/7659,ed74b18b95b0797808f2f7928f413f1cf2279d77,3,kitlangton=1; tim-smart=2,True,0,True,Tim reduced the flatMap leftovers regression and tightened the release note.,No specific later follow-up identified.,7658,https://github.com/Effect-TS/effect/commit/97b8d10a992c1546b3f3fe60555e0e7f76d2c401; https://github.com/Effect-TS/effect/commit/d1d244c126b531e2388e17c4ef75ef9dae5d3afd; https://github.com/Effect-TS/effect/commit/cb0fb2789914f580e23654fad636b9ca761cc112,
7661,fix(Schema): preserve percent-encoded JSON Schema references,MERGED,merged,2026-09-02T18:50:10Z,2026-09-03T03:38:15Z,2026-09-03T03:38:15Z,tim-smart,tim-smart,https://github.com/Effect-TS/effect/pull/7661,4b73e1bd5576346d7939be8915f3053e428d1c0e,2,kitlangton=1; tim-smart=1,True,0,True,Tim added malformed callback-reference handling before merge; the later shared JSON Pointer work revisited that policy.,"Code-traced follow-up: [#7823](https://github.com/Effect-TS/effect/pull/7823), merged September 3, moves fragment parsing/formatting into JsonPointer, reuses it in JsonSchema, and rejects malformed local callback references instead of retaining raw malformed tokens.",7660,https://github.com/Effect-TS/effect/commit/3617655d511da9bbd447d7a366daaa04ec76595e; https://github.com/Effect-TS/effect/commit/1b75e1f664a02e49b5b4c211b66d4c3a8d0d88c8,180b635aea8857b057d8843d04a7e2377c2d34e8
7663,fix(VariantSchema): preserve classes in default extraction,MERGED,merged,2026-09-02T18:50:15Z,2026-09-03T00:35:25Z,2026-09-03T00:35:25Z,tim-smart,tim-smart,https://github.com/Effect-TS/effect/pull/7663,6f090d4c2032cc35f7f9a9eac900d0329b8ac07e,3,kitlangton=1; tim-smart=2,True,0,True,Tim isolated the class-extraction reproduction and landed default-variant identity preservation.,No specific later follow-up identified.,7662,https://github.com/Effect-TS/effect/commit/b4f13a97b22e81c921b974639dd8089cfc9939a6; https://github.com/Effect-TS/effect/commit/f6a1c03efd760f946e8e2e06200fea167fe8cb29; https://github.com/Effect-TS/effect/commit/27259e1ec2c98d7e9d1e8e460064f47a8e54e758,
7665,fix(Model): preserve omitted variants in FieldOption,MERGED,merged,2026-09-02T18:50:20Z,2026-09-03T01:08:51Z,2026-09-03T01:08:51Z,tim-smart,tim-smart,https://github.com/Effect-TS/effect/pull/7665,d3c6b73cc4b78f22fdb2e25c8bebda027551540b,3,kitlangton=1; tim-smart=2,True,1,True,Tim isolated the omitted-variant reproduction and landed preservation of undefined variants.,No specific later follow-up identified.,7664,https://github.com/Effect-TS/effect/commit/f564d8ffc7008bb576bb02ab6d23844e3fe60186; https://github.com/Effect-TS/effect/commit/a6e218c9da029d5a48564d1b4fb97b02b9122696; https://github.com/Effect-TS/effect/commit/3aa45e4c6e60c2f318f7f27c6a0155b09c1852fb,
7667,fix(Toml): allow child tables in distinct array entries,MERGED,merged,2026-09-02T18:50:24Z,2026-09-03T01:07:56Z,2026-09-03T01:07:56Z,tim-smart,tim-smart,https://github.com/Effect-TS/effect/pull/7667,fc91af659d0682659e6347eede288f90f618acc0,2,tim-smart=2,True,1,True,The retained branch is Tim-authored test/fix commits; table declarations are tracked by resolved table identity.,No specific later follow-up identified.,7666,https://github.com/Effect-TS/effect/commit/60128d4d6216e5339651a2cb95778ab9c3fedef0; https://github.com/Effect-TS/effect/commit/9139c7aa0744215b2823b7a1ae570d0c41b47c2f,
7669,fix(Yaml): preserve folded scalar paragraph and indentation breaks,MERGED,merged,2026-09-02T18:50:29Z,2026-09-03T01:10:48Z,2026-09-03T01:10:48Z,tim-smart,tim-smart,https://github.com/Effect-TS/effect/pull/7669,d14c4631ac82911a8ca0b6c24c14ecb95863ee6b,4,tim-smart=4,True,1,True,Tim added folded-scalar edge cases and further corrected blank-line counting after the initial folding fix.,No specific later follow-up identified.,7668,https://github.com/Effect-TS/effect/commit/dddee91450eda5a03cbb1f18e396e758525bcc4a; https://github.com/Effect-TS/effect/commit/24d3c4347e59d00d02036840005c4f6de7cabd21; https://github.com/Effect-TS/effect/commit/14c073211222aa8be855605743a85852543f54ca; https://github.com/Effect-TS/effect/commit/273695734da6f96142cc2404bcb8185dc74132f5,
7671,fix(Sse): preserve events with mixed line endings,MERGED,merged,2026-09-02T18:50:34Z,2026-09-03T00:42:43Z,2026-09-03T00:42:43Z,tim-smart,tim-smart,https://github.com/Effect-TS/effect/pull/7671,2245997ad2214591b7d9674777595092926743cf,2,kitlangton=1; tim-smart=1,True,0,True,Tim reduced the mixed-line-ending SSE regression.,No specific later follow-up identified.,7670,https://github.com/Effect-TS/effect/commit/3aa0c01e86850bce2d5cc09cb96c9c99c6209227; https://github.com/Effect-TS/effect/commit/904f4654d1268600d97b3525576c1bde7cb75628,
7673,fix(SchemaBinary): preserve leading U+FEFF in strings,MERGED,merged,2026-09-02T18:50:38Z,2026-09-03T00:44:01Z,2026-09-03T00:44:01Z,tim-smart,tim-smart,https://github.com/Effect-TS/effect/pull/7673,d592c1492ad895ea72537e10387b735f3ba0e7de,2,kitlangton=1; tim-smart=1,True,0,True,Tim reduced the BOM round-trip regression; the shared UTF-8 decoder uses ignoreBOM to retain U+FEFF.,No specific later follow-up identified.,7672,https://github.com/Effect-TS/effect/commit/95f02d6e267f39be9478aeb80a4d422490558674; https://github.com/Effect-TS/effect/commit/5e0480d2d60ff16f799b0b6e1fad76b8ddbaf06c,
7675,fix(Mime): normalize parameters in all-extension lookups,MERGED,merged,2026-09-02T18:50:43Z,2026-09-03T00:47:58Z,2026-09-03T00:47:58Z,tim-smart,tim-smart,https://github.com/Effect-TS/effect/pull/7675,284050c2aa6e78eceb08e5eff1803501cc80a658,2,tim-smart=2,True,1,True,The retained branch is Tim-authored test/fix commits aligning all-extension normalization with the single-extension API.,No specific later follow-up identified.,7674,https://github.com/Effect-TS/effect/commit/388eaadaa9388b25916b220ccfcbeb6c7231ff6b; https://github.com/Effect-TS/effect/commit/05a1d03a4c639acf1e3034f2d8737a8183afbd68,
7677,fix(FetchHttpClient): set duplex for raw Web stream bodies,MERGED,merged,2026-09-02T19:56:25Z,2026-09-03T00:54:32Z,2026-09-03T00:54:32Z,tim-smart,tim-smart,https://github.com/Effect-TS/effect/pull/7677,9960708052fcaaa873c471aea144ca46955e6023,3,kitlangton=1; tim-smart=2,True,0,True,Tim isolated a native Request reproduction and landed duplex selection from the actual outgoing ReadableStream.,No specific later follow-up identified.,7676,https://github.com/Effect-TS/effect/commit/d10be6a14a8332070ac88e40812f0c456ad2e33a; https://github.com/Effect-TS/effect/commit/af881217299463f64b85b8061e14bdae015f0cc8; https://github.com/Effect-TS/effect/commit/1037dcb238520faf43c7d61276ded5fe8f1bdfb0,
7679,fix(HttpEffect): close request scopes for streaming HEAD responses,MERGED,merged,2026-09-02T19:56:29Z,2026-09-03T01:37:08Z,2026-09-03T01:37:08Z,tim-smart,tim-smart,https://github.com/Effect-TS/effect/pull/7679,c86c99939e1628813a2f92f0906cfbbe924504e8,2,tim-smart=2,True,1,True,The retained branch is Tim-authored test/fix commits; HEAD responses retain normal request-scope cleanup instead of transferring ownership to an omitted body.,No specific later follow-up identified.,7678,https://github.com/Effect-TS/effect/commit/627357682155d63d17449602d378d33bb77f7034; https://github.com/Effect-TS/effect/commit/708491deaeb49ba8394b8a6e65bf234534e0e7be,fa6027b16e65376078e526fa33116ac0cc82485b; 1e92dbd26f5a74bb32103cbaac0f09460b7954de
7681,fix(HttpServerResponse): preserve Web response content lengths,MERGED,merged,2026-09-02T19:56:34Z,2026-09-03T03:38:40Z,2026-09-03T03:38:40Z,tim-smart,tim-smart,https://github.com/Effect-TS/effect/pull/7681,975f7586f3dcda5743d6570a740013a9fbdce9a7,2,kitlangton=1; tim-smart=1,True,0,True,Tim tightened the content-length regression; valid lengths are retained through stream metadata using the strict parser.,No specific later follow-up identified.,7680,https://github.com/Effect-TS/effect/commit/be4ee35771fc751831a5989e716fab0d84582064; https://github.com/Effect-TS/effect/commit/ed171ce0ab4d1460d1707e809e7991cde2e78844,93f32c93ca0ba14ac454385796322d0a4a1ef7d7; ca6f0dc4fcea564b351bf505df015d16a8b965ed; 4eb0fa72302b0a63ac34c6515a9cdf96338e586a; 1e92dbd26f5a74bb32103cbaac0f09460b7954de
7683,fix(RpcSerialization): retain falsy control IDs when decoding JSON-RPC,MERGED,merged,2026-09-02T19:56:38Z,2026-09-03T03:57:25Z,2026-09-03T03:57:25Z,tim-smart,tim-smart,https://github.com/Effect-TS/effect/pull/7683,d8cc9ed80e1df9c056a46ba62df01f7fc0f531c3,2,kitlangton=1; tim-smart=1,True,0,True,Tim reduced the JSON-RPC control-ID regression to both control tags and valid falsy IDs.,No specific later follow-up identified.,7682,https://github.com/Effect-TS/effect/commit/40ab63df2ebb94eba2ef582167e566c6e34594b0; https://github.com/Effect-TS/effect/commit/9209cdd306a929ef702784e3e34a81b3b1524b98,
7685,fix(cli): classify absent required variadic arguments as missing,MERGED,merged,2026-09-02T19:56:43Z,2026-09-03T01:36:06Z,2026-09-03T01:36:06Z,tim-smart,tim-smart,https://github.com/Effect-TS/effect/pull/7685,1c89c78f9faa3638f398772f3ed7182aa97a1edd,3,kitlangton=1; tim-smart=2,True,0,True,Tim isolated the missing-variadic default reproduction and landed the missing-input classification.,No specific later follow-up identified.,7684,https://github.com/Effect-TS/effect/commit/0bb358450567c766f02b7a39ef2d8d3586a69a70; https://github.com/Effect-TS/effect/commit/8919dced1aa4c403ebb79f6928640952591acfab; https://github.com/Effect-TS/effect/commit/8c22f75c78448dbcb1fb5f238ab485e00345971a,
7687,fix(cli): allow optional wrappers around alternative flags,MERGED,merged,2026-09-02T19:56:48Z,2026-09-03T04:10:24Z,2026-09-03T04:10:24Z,tim-smart,tim-smart,https://github.com/Effect-TS/effect/pull/7687,48dbbb22bb2e04f63992fc267dd711a0cbd76d72,3,tim-smart=3,True,1,True,Tim removed the unused single-leaf assertion and unnecessary fnUntraced wrapper. Kit also reported an apparently unrelated MySQL deadlock in CI.,No specific later follow-up identified.,7686,https://github.com/Effect-TS/effect/commit/4ce892beb167ef4ec7e8174676cfbc51ff38fc68; https://github.com/Effect-TS/effect/commit/b51f93b873f3a03b7b16af6bf8dd5a2b2b79bc6d; https://github.com/Effect-TS/effect/commit/8676193ba0b02313421003b434c08fb0bfdb9270,
7689,fix(HttpRouter): normalize prefix-removal metadata,MERGED,merged,2026-09-02T19:56:52Z,2026-09-03T03:42:08Z,2026-09-03T03:42:08Z,tim-smart,tim-smart,https://github.com/Effect-TS/effect/pull/7689,2a3a4783bcd2d4e91e3505c7a6c1e398fea89595,2,kitlangton=1; tim-smart=1,True,0,True,"Tim reduced prefix regression coverage; this fix normalizes trailing-slash removal metadata, while nested prefix ordering was addressed separately.","Adjacent fix: [#7913](https://github.com/Effect-TS/effect/pull/7913), merged September 4, reverses nested prefix composition into the correct parent/child order. Kit's PR explicitly left that ordering unchanged.",7688,https://github.com/Effect-TS/effect/commit/0a62ba121b94e8f5cec48c8a1da56749aad04bbe; https://github.com/Effect-TS/effect/commit/d0b0b0dac35e6d1238fbcdedf58b26ebedf9d424,96f99b325da32bfa535e826d89d838d0edec0dea; fa6027b16e65376078e526fa33116ac0cc82485b; 1e92dbd26f5a74bb32103cbaac0f09460b7954de
7691,fix(HttpStaticServer): ignore Range on non-GET requests,MERGED,merged,2026-09-02T19:56:57Z,2026-09-03T03:42:28Z,2026-09-03T03:42:28Z,tim-smart,tim-smart,https://github.com/Effect-TS/effect/pull/7691,d386979fedbdd433d28816f9cc74675a9af45189,2,tim-smart=2,True,1,True,The retained branch is Tim-authored test/fix commits using an unsatisfiable HEAD range to prove non-GET requests ignore Range.,No specific later follow-up identified.,7690,https://github.com/Effect-TS/effect/commit/d2a5b96b7eb09cf2f2d0773f9043ce744cf23b69; https://github.com/Effect-TS/effect/commit/050fda2fc8dbd6b5656a1f569d7b5183ec5dfba5,4ab4e838a4c9ab3c9cc0d52d3e83de88686601b0; fc9fedf59fc26a8bc6e45c3860a921f3b7e0f971; 93f32c93ca0ba14ac454385796322d0a4a1ef7d7
7693,fix(HttpMiddleware): preserve existing CORS Vary dimensions,MERGED,merged,2026-09-02T19:57:01Z,2026-09-03T04:30:45Z,2026-09-03T04:30:45Z,tim-smart,tim-smart,https://github.com/Effect-TS/effect/pull/7693,d68ff05506ab5bb3ec07e1b759ce296423b0dbbe,5,kitlangton=1; tim-smart=4,True,0,True,"Tim added wildcard, preflight and rejected-origin edge cases, shared the Vary helper with compression, and corrected origin-header typing.",No specific later follow-up identified.,7692,https://github.com/Effect-TS/effect/commit/9df0530cdff79a5fa50c68a5a559ea31eb7ab47a; https://github.com/Effect-TS/effect/commit/032aa6ead9f4f7c4c6e9479dc4e1e6d73b9d1fdb; https://github.com/Effect-TS/effect/commit/027ab5eaf5d908625cb6bc649612361c30ba2e9c; https://github.com/Effect-TS/effect/commit/5e649cff32de870c657e9b8735f7549bd61761fb; https://github.com/Effect-TS/effect/commit/fd9dae95046edd863f2f8f4c524c4782d4c49a75,1e92dbd26f5a74bb32103cbaac0f09460b7954de
7695,fix(HttpApiSchema): clear stale metadata in encodeToWithHeaders,MERGED,merged,2026-09-02T19:57:06Z,2026-09-03T03:48:16Z,2026-09-03T03:48:16Z,tim-smart,tim-smart,https://github.com/Effect-TS/effect/pull/7695,6525771eef7df6b71a3ef6e299ee93d798ed3dda,2,tim-smart=2,True,1,True,The retained branch is Tim-authored test/fix commits proving inherited 429/text metadata must yield to the wrapper body's default 500/JSON metadata.,No specific later follow-up identified.,7694,https://github.com/Effect-TS/effect/commit/2cdf72489fad44319b92623c4a7dde4a2187b0ce; https://github.com/Effect-TS/effect/commit/5e7ad10ae6f1e9acb6de511c0ce15964a03474bf,
7697,fix(HttpApiBuilder): honor status annotations on stream wrappers,MERGED,merged,2026-09-02T19:57:11Z,2026-09-03T03:49:39Z,2026-09-03T03:49:39Z,tim-smart,tim-smart,https://github.com/Effect-TS/effect/pull/7697,7750dbe0d5b9929c6d92b0365b42784b993ea2a6,2,kitlangton=1; tim-smart=1,True,0,True,Tim simplified wrapper-aware status lookup and removed the obsolete getStatusStream helper.,No specific later follow-up identified.,7696,https://github.com/Effect-TS/effect/commit/36a24c742afc3665bfb109f193e255e79dfc1f9f; https://github.com/Effect-TS/effect/commit/202fb6aa1a40352519a342c5c54da12d9e341676,6550a074c5c501d8a95dcd354f17e9785a1ae1eb
7699,fix(HttpApiClient): decode form-urlencoded responses through UrlParams,MERGED,merged,2026-09-02T19:57:15Z,2026-09-03T03:50:40Z,2026-09-03T03:50:40Z,tim-smart,tim-smart,https://github.com/Effect-TS/effect/pull/7699,47b358a4b85d22973a7957abd1a859f65b75b7da,3,kitlangton=1; tim-smart=2,True,0,True,Tim isolated the generated-client reproduction and landed URLSearchParams/UrlParams conversion before form decoding.,No specific later follow-up identified.,7698,https://github.com/Effect-TS/effect/commit/4d6eb94203278ca8a22b78920e56c324a55e4b33; https://github.com/Effect-TS/effect/commit/619bcc1b1d15ecf821fec10fe3ea8d28848db536; https://github.com/Effect-TS/effect/commit/e8f256be143b0787fe72b967d69d36ecbca8dc83,fc668b61e9755545a47582dee6c4425d5652cbb6
7701,fix(HttpApiClient): preserve base paths in URL builders,MERGED,merged,2026-09-02T19:57:19Z,2026-09-03T03:51:33Z,2026-09-03T03:51:34Z,tim-smart,tim-smart,https://github.com/Effect-TS/effect/pull/7701,62326505a74fcd8fe27c8e2064128d2dea484ecc,1,tim-smart=1,True,1,True,The retained branch is a single Tim-authored implementation commit using the same prefix joining as generated clients.,No specific later follow-up identified.,7700,https://github.com/Effect-TS/effect/commit/78568c2a48dac0fde26e7dd14a19eecb3ac91f17,fc668b61e9755545a47582dee6c4425d5652cbb6
7703,fix(OpenApi): populate schemas before endpoint transforms,MERGED,merged,2026-09-02T19:57:23Z,2026-09-03T03:51:59Z,2026-09-03T03:52:00Z,tim-smart,tim-smart,https://github.com/Effect-TS/effect/pull/7703,7d455f51acf2f0e9f710f298e14e4d81179a9259,2,kitlangton=1; tim-smart=1,True,0,True,Tim reduced the endpoint-transform regression to parameter reordering after schema population.,No specific later follow-up identified.,7702,https://github.com/Effect-TS/effect/commit/aaec418a989ca16456694e6a3ae10d98b7ab8d1d; https://github.com/Effect-TS/effect/commit/a27afa75b010a13bf8fce2c360a6a2054e72f42e,
7705,fix(HttpApiTest): run registered pre-response handlers,MERGED,merged,2026-09-02T19:57:26Z,2026-09-03T04:07:55Z,2026-09-03T04:07:55Z,tim-smart,tim-smart,https://github.com/Effect-TS/effect/pull/7705,45ffa7221259c7e4be9797b90f6ca569fe7ec8a3,3,kitlangton=1; tim-smart=2,True,0,True,Tim reduced the pre-response-handler regression and formatted the test imports.,No specific later follow-up identified.,7704,https://github.com/Effect-TS/effect/commit/43a6d8987805baa97907bf873e9b8743ff8c657f; https://github.com/Effect-TS/effect/commit/89311bbf7ffaa1810ed27e879a952e66619445d0; https://github.com/Effect-TS/effect/commit/5c656734e23b5531ce266347fd034a19f346fc25,ca6f0dc4fcea564b351bf505df015d16a8b965ed
7708,fix(NodeFileSystem): accept empty writeAll buffers,MERGED,merged,2026-09-02T21:02:56Z,2026-09-03T04:07:04Z,2026-09-03T04:07:04Z,tim-smart,tim-smart,https://github.com/Effect-TS/effect/pull/7708,37cdd692adb989da3dff6d65221e5c27fa025ad8,2,kitlangton=1; tim-smart=1,True,0,True,Tim minimized the empty-writeAll regression; nonempty zero-progress protection remains in place.,No specific later follow-up identified.,7707,https://github.com/Effect-TS/effect/commit/b18a95733cd46c3ba3e5bf7d33d6c2f078138f7e; https://github.com/Effect-TS/effect/commit/3c79cf8c7bfddf3f3abd6d800a4b3d268462fa4b,4ab4e838a4c9ab3c9cc0d52d3e83de88686601b0; a6ceb98e89cffdb59297764299bdb35728af63f1; c85fc0b8f2195780929d6fc8ecdc084faf18736c; 93f32c93ca0ba14ac454385796322d0a4a1ef7d7
7710,fix(NodeFileSystem): classify watch events relative to their target,MERGED,merged,2026-09-02T21:03:00Z,2026-09-03T04:26:34Z,2026-09-03T04:26:34Z,tim-smart,tim-smart,https://github.com/Effect-TS/effect/pull/7710,163cebdc19e339e0bbf23035f3fa3e3322043627,3,kitlangton=1; tim-smart=2,True,1,True,Tim isolated a watch-classification reproduction and landed resolution relative to the watched target.,No specific later follow-up identified.,7709,https://github.com/Effect-TS/effect/commit/071b22ab7fb2a69157cce87779d08a27475c1d4e; https://github.com/Effect-TS/effect/commit/01c9eb9aba2edd16590f8f3b614231acc538f328; https://github.com/Effect-TS/effect/commit/9a3974048236c0c08f4528ec11a4cef9a4336da2,4ab4e838a4c9ab3c9cc0d52d3e83de88686601b0; a6ceb98e89cffdb59297764299bdb35728af63f1; c85fc0b8f2195780929d6fc8ecdc084faf18736c; 93f32c93ca0ba14ac454385796322d0a4a1ef7d7
7712,fix(NodeSink): capture writable finalization errors,MERGED,merged,2026-09-02T21:03:04Z,2026-09-03T04:03:41Z,2026-09-03T04:03:41Z,tim-smart,tim-smart,https://github.com/Effect-TS/effect/pull/7712,d0a6c5eee03c1f55748739252cdb04c1df37b844,2,kitlangton=1; tim-smart=1,True,0,True,Tim simplified the release note; writable error observation remains active through finalization.,No specific later follow-up identified.,7711,https://github.com/Effect-TS/effect/commit/804664ad6ec8a684caf4959ccb21038795c29833; https://github.com/Effect-TS/effect/commit/1ada20c34fdee4caf01ef5af20eee0d7d5d42b87,
7714,fix(NodeSink): invalidate drain callbacks on interruption,MERGED,merged,2026-09-02T21:03:08Z,2026-09-03T05:03:01Z,2026-09-03T05:03:01Z,tim-smart,tim-smart,https://github.com/Effect-TS/effect/pull/7714,615c41e193494b3305dad8a98000ed04e2718469,5,kitlangton=1; tim-smart=4,True,0,True,"Tim reduced the regression, first tried callback-signal cancellation, then requested and implemented a local boolean cancellation flag.",No specific later follow-up identified.,7713,https://github.com/Effect-TS/effect/commit/3a5be2dc66442b1a521b3a9fcb327c8307f44aa6; https://github.com/Effect-TS/effect/commit/6f9c7ae4b56a7c5a3b1c682aed950f80408541e1; https://github.com/Effect-TS/effect/commit/145e4837dbb8535b820505b778cba9a2cd475dee; https://github.com/Effect-TS/effect/commit/ee50cf0201576c998040dd879bee42b6577fff09; https://github.com/Effect-TS/effect/commit/0eaf970fb655c4b32166c186b223aff4d8095078,
7716,fix(platform-node): preserve incoming bytes when selecting text readers,MERGED,merged,2026-09-02T21:03:11Z,2026-09-03T04:11:38Z,2026-09-03T04:11:38Z,tim-smart,tim-smart,https://github.com/Effect-TS/effect/pull/7716,f93d051c3326c4d4e24aa8c2cde67c50850ec02a,3,kitlangton=1; tim-smart=2,True,0,True,Tim isolated byte corruption in the existing client matrix and landed text decoding from cached raw bytes.,No specific later follow-up identified.,7715,https://github.com/Effect-TS/effect/commit/454ee9876595a43051dbec1eb3104de8e90660e5; https://github.com/Effect-TS/effect/commit/98c049847c8ddb5c43584731d1de37e243101172; https://github.com/Effect-TS/effect/commit/149e514770e123fe30d5f693c12a081a531d67f3,ca6f0dc4fcea564b351bf505df015d16a8b965ed; dd6ce2d6e32c86465a7e706ffd31c0925ec6a9b9
7718,fix(NodeHttpClient): parse Undici response forms from cached bytes,MERGED,merged,2026-09-02T21:03:15Z,2026-09-03T05:03:52Z,2026-09-03T05:03:52Z,tim-smart,tim-smart,https://github.com/Effect-TS/effect/pull/7718,72b85820f1baeb0abb21a47bd470720f58435a15,2,tim-smart=2,True,5,True,The retained branch is Tim-authored test/fix commits parsing cached bytes with native Response.formData and the original headers.,No specific later follow-up identified.,7717,https://github.com/Effect-TS/effect/commit/10c145d517ff095f86f639f69b132ea93fa8bacf; https://github.com/Effect-TS/effect/commit/64b1a10744bc02617f843e8f93cccd4f5517fe80,ca6f0dc4fcea564b351bf505df015d16a8b965ed; dd6ce2d6e32c86465a7e706ffd31c0925ec6a9b9
7720,fix(sql-pglite): preserve string values passed to sql.json,MERGED,merged,2026-09-02T21:03:20Z,2026-09-03T04:15:24Z,2026-09-03T04:15:24Z,tim-smart,tim-smart,https://github.com/Effect-TS/effect/pull/7720,2b3a9a3fbb7831a5b52aa957eef2fb7392968e7b,2,kitlangton=1; tim-smart=1,True,0,True,Tim simplified JSON-string round-trip coverage while retaining separate string encoding for PGlite.,No specific later follow-up identified.,7719,https://github.com/Effect-TS/effect/commit/c817d3d68be7d3892f98e3ba2848cc1b1cf362e3; https://github.com/Effect-TS/effect/commit/b4740605f612ccce7d75e6452abd52276b0e673e,
7722,fix(sql-sqlite-node): capture unprepared statement preparation errors,MERGED,merged,2026-09-02T21:03:25Z,2026-09-03T04:33:42Z,2026-09-03T04:33:42Z,tim-smart,tim-smart,https://github.com/Effect-TS/effect/pull/7722,4daa26052632b448b71457e476de49aabce8940d,2,tim-smart=2,True,1,True,The retained branch is Tim-authored test/fix commits routing cached and uncached preparation through the same error-capturing helper.,No specific later follow-up identified.,7721,https://github.com/Effect-TS/effect/commit/de7cd3d4fef4938b744dcebd6b80045ca2eff24c; https://github.com/Effect-TS/effect/commit/df9dcfcc171453139536d9431002b73df3ebf9b0,
7724,fix(sql-mssql): forward the configured NTLM domain,MERGED,merged,2026-09-02T21:03:29Z,2026-09-03T04:43:57Z,2026-09-03T04:43:57Z,tim-smart,tim-smart,https://github.com/Effect-TS/effect/pull/7724,e42516a9c57ef5626719a128b99deccc0f32c0c8,2,kitlangton=1; tim-smart=1,True,2,False,Tim deleted the standalone Domain.test.ts; the NTLM domain forwarding fix remained.,No specific later follow-up identified.,7723,https://github.com/Effect-TS/effect/commit/41c1e80ec180e641768c1a3962e05d6f64f66ade; https://github.com/Effect-TS/effect/commit/b412da06393fc68a53ad1f1a4b6ed774301856bf,
7726,fix(sql-mssql): adapt byte arrays for automatic VarBinary binding,MERGED,merged,2026-09-02T21:03:32Z,2026-09-03T04:56:13Z,2026-09-03T04:56:13Z,tim-smart,tim-smart,https://github.com/Effect-TS/effect/pull/7726,fe606666a799e99ff63ddb2173cddef4fff6a885,2,kitlangton=1; tim-smart=1,True,0,True,Tim simplified automatic binary parameter binding and its regression coverage.,No specific later follow-up identified.,7725,https://github.com/Effect-TS/effect/commit/f6ec0b6a25868b63905daab7a7e4191acd3485c0; https://github.com/Effect-TS/effect/commit/9bd58e62ae8a9816a0e6e348171111e148f402da,
7728,fix(NodeChildProcessSpawner): expose the first pipeline stage stdin,MERGED,merged,2026-09-02T21:03:36Z,2026-09-03T04:57:26Z,2026-09-03T04:57:26Z,tim-smart,tim-smart,https://github.com/Effect-TS/effect/pull/7728,0beaf69e3c368b8aaa1fa6aa1066272f5c554128,4,kitlangton=1; tim-smart=3,True,0,False,"Tim isolated the pipeline routing reproduction and landed first-stage stdin, then deleted the standalone pipeline test file.",No specific later follow-up identified.,7727,https://github.com/Effect-TS/effect/commit/a8ccf15999a392dfdfe7e788723a291ea2f5a585; https://github.com/Effect-TS/effect/commit/98f3f7feedde0484d1c3fe5d8574f0a18a6c4a2b; https://github.com/Effect-TS/effect/commit/f6deb6fdfa0e99a6a85e47c9556a95eb4488781d; https://github.com/Effect-TS/effect/commit/43e548d7b72e0e5edb83b5b3ab150dc958e1edd1,ba2fd822e9618f30d0f430ae4eed2eaa4813e2e3
7730,fix(NodeHttpServer): forward custom and empty status text,MERGED,merged,2026-09-02T21:03:40Z,2026-09-03T04:53:04Z,2026-09-03T04:53:04Z,tim-smart,tim-smart,https://github.com/Effect-TS/effect/pull/7730,e406217f8c12f95626e72bb2b23054d8483b1009,2,tim-smart=2,True,1,True,The retained branch is Tim-authored test/fix commits forwarding custom and explicitly empty status text across writeHead paths.,No specific later follow-up identified.,7729,https://github.com/Effect-TS/effect/commit/807a0b30a6c87ab45eac76748762f49d915a0a91; https://github.com/Effect-TS/effect/commit/f39223491614723cd40e307d23b6a9c3adc6c89f,1e92dbd26f5a74bb32103cbaac0f09460b7954de
7732,fix(sql-sqlite-do): classify streaming storage failures as SqlError,MERGED,merged,2026-09-02T21:03:43Z,2026-09-03T05:11:49Z,2026-09-03T05:11:49Z,tim-smart,tim-smart,https://github.com/Effect-TS/effect/pull/7732,412bc408a11731b5326cfba7a8b2ead81c1431f2,3,kitlangton=1; tim-smart=2,True,0,True,Tim isolated the storage-defect reproduction and simplified driver-iterator error capture before downstream row transformations.,No specific later follow-up identified.,7731,https://github.com/Effect-TS/effect/commit/a3b5f4e94a48f7790ec2c6534e858b5b6603fc52; https://github.com/Effect-TS/effect/commit/7bdaec31ff0bb351ee49ae9d5866637e4073bde5; https://github.com/Effect-TS/effect/commit/9cb9b887f9954f9c4524634f09feb255f3e169fa,
7734,fix(sql-pg): honor explicit SSL overrides for URL modes,MERGED,merged,2026-09-02T21:03:47Z,2026-09-03T04:52:11Z,2026-09-03T04:52:11Z,tim-smart,tim-smart,https://github.com/Effect-TS/effect/pull/7734,fe3830add4734f942d495499ef22fb21a00d4cd0,2,tim-smart=2,True,1,True,The retained branch is Tim-authored test/fix commits allowing prefer/allow URL modes when an explicit SSL override is supplied.,No specific later follow-up identified.,7733,https://github.com/Effect-TS/effect/commit/46166df9df2c4fb4d63da02046a2be3b6b009bd9; https://github.com/Effect-TS/effect/commit/265822b7a3922213fadba29fb2e17e0b361e7ea9,
7736,fix(BrowserHttpClient): support readers in ArrayBuffer mode,MERGED,merged,2026-09-02T21:03:51Z,2026-09-03T04:53:37Z,2026-09-03T04:53:37Z,tim-smart,tim-smart,https://github.com/Effect-TS/effect/pull/7736,736c882a45b6278a1a0fc773987aaf69a752ca12,2,kitlangton=1; tim-smart=1,True,0,True,"Tim simplified ArrayBuffer-mode text, JSON and stream reader coverage.",No specific later follow-up identified.,7735,https://github.com/Effect-TS/effect/commit/24641d6c491d879a11cfce7a9d34f248c4a9869b; https://github.com/Effect-TS/effect/commit/032941f83c665f1af54d21193b297ab797a50dcd,ca6f0dc4fcea564b351bf505df015d16a8b965ed
7738,fix(effect): retain completed non-streaming tool approval results,MERGED,merged,2026-09-02T22:14:13Z,2026-09-03T04:54:17Z,2026-09-03T04:54:17Z,tim-smart,tim-smart,https://github.com/Effect-TS/effect/pull/7738,49e39010ff84acbde32c50d559a2f76426cf830e,1,tim-smart=1,True,1,True,The retained branch is a single Tim-authored fix retaining completed approval results in returned Chat responses to prevent replay.,No specific later follow-up identified.,7737,https://github.com/Effect-TS/effect/commit/f88518af30031c17e42e9b9849923ff98128dcd3,
7740,fix(effect): forward fallback atom writes to the primary atom,MERGED,merged,2026-09-02T22:14:17Z,2026-09-03T04:54:48Z,2026-09-03T04:54:48Z,tim-smart,tim-smart,https://github.com/Effect-TS/effect/pull/7740,3f51acdf5e2490d7d0a833cd67ce06d1d867facd,3,kitlangton=1; tim-smart=2,True,0,True,Tim added focused primary-atom write-forwarding coverage and tightened the changeset.,No specific later follow-up identified.,7739,https://github.com/Effect-TS/effect/commit/b658099b6df5a85d89c7ed42459a88d542c6c972; https://github.com/Effect-TS/effect/commit/d2804f65a32de34f1d8bfb4ae3ebb473e642a7e7; https://github.com/Effect-TS/effect/commit/54b54543764f53bef188bab3993f2573d117e3f1,4907e9b2470894ddaf0cbdec2612b59f04a51dbe
7742,fix(effect): tolerate repeated reactivity keys during query cleanup,MERGED,merged,2026-09-02T22:14:21Z,2026-09-03T04:55:25Z,2026-09-03T04:55:25Z,tim-smart,tim-smart,https://github.com/Effect-TS/effect/pull/7742,84d2a470ecc0fcad7f1d1e7a50464e02af0e6972,3,kitlangton=1; tim-smart=2,True,0,True,Tim isolated and then minimized the repeated-reactivity-key cleanup regression.,No specific later follow-up identified.,7741,https://github.com/Effect-TS/effect/commit/01c65eb1daab616d2794f7507f2be47521018a3e; https://github.com/Effect-TS/effect/commit/293caa3b75e614f29cec3a738d8ec2541dd0cc5a; https://github.com/Effect-TS/effect/commit/bba6d89a3463bd1000be7e418c7f45d03a7b76f5,
7744,fix(atom-react): preserve notifications after switching refs,MERGED,merged,2026-09-02T22:14:24Z,2026-09-03T04:57:01Z,2026-09-03T04:57:01Z,tim-smart,tim-smart,https://github.com/Effect-TS/effect/pull/7744,474860b4629ca2d01f7bff8f310bce3f3f35c42c,3,kitlangton=1; tim-smart=2,True,0,True,Tim replaced broader fixtures with a small DOM reproduction of the 0-to-1-to-0 ref-switch notification failure.,No specific later follow-up identified.,7743,https://github.com/Effect-TS/effect/commit/2d523219837158b5082de18078bd1a550fb8c130; https://github.com/Effect-TS/effect/commit/920399480909aab7141810787e5f5b3bc7f112bd; https://github.com/Effect-TS/effect/commit/d031a431d66ef91ad1b6ce85a60d92a21dbb2635,
7746,fix(atom-vue): publish the selected ref's current value,MERGED,merged,2026-09-02T22:14:28Z,2026-09-03T01:16:23Z,2026-09-03T01:16:23Z,tim-smart,tim-smart,https://github.com/Effect-TS/effect/pull/7746,74ff5c31380db8816006bad7031e0a76032dcc08,2,kitlangton=1; tim-smart=1,True,0,True,"Tim narrowed the Vue ref-switch regression; subscribe first, then publish the selected ref's current value.",No specific later follow-up identified.,7745,https://github.com/Effect-TS/effect/commit/10665d25ea63677aced01abd0d70cde8dc5bd5cf; https://github.com/Effect-TS/effect/commit/e567ddf3ff4d6c96d5c5802bdea1e73c61f965b5,
7748,fix(effect): encode tool results using their known result branch,MERGED,merged,2026-09-02T22:14:32Z,2026-09-03T06:43:03Z,2026-09-03T06:43:03Z,tim-smart,tim-smart,https://github.com/Effect-TS/effect/pull/7748,56e72b38c01bbe6ec921ad151f83b7849444f219,3,tim-smart=3,True,1,True,The retained branch is Tim-authored reproduction/fix/refactor commits selecting success/failure/AiError encoders explicitly and removing an unused decoder.,"Code-traced follow-up: [#8106](https://github.com/Effect-TS/effect/pull/8106), merged September 7, enforces isFailure in Response codecs and shares Tool.failureResultSchema with Toolkit. It extends failure handling to AiError and denied/interrupted execution results, replacing the separate failure/AiError encoder choice introduced here.",7747,https://github.com/Effect-TS/effect/commit/88d0b088239396e0fa0ac3a8fd7f5d324fa7ab03; https://github.com/Effect-TS/effect/commit/508ce40401ea0faeaaf0abfa407c5be21ebb80be; https://github.com/Effect-TS/effect/commit/1a8fb7e2b73882684056f96c2cbfc6c63ff5eb5a,39b9738727ab4d87298fd640edd138f352c70ee3
7750,fix(effect): clear stale dynamic tool schemas when replacing parameters,MERGED,merged,2026-09-02T22:14:36Z,2026-09-03T05:08:13Z,2026-09-03T05:08:13Z,tim-smart,tim-smart,https://github.com/Effect-TS/effect/pull/7750,b64f406de13a1b9da4664dbde2dbddaa5f776a05,3,kitlangton=1; tim-smart=2,True,0,True,Tim isolated advertised parameter-schema replacement and clarified the release note.,No specific later follow-up identified.,7749,https://github.com/Effect-TS/effect/commit/b8a015d0737c4cc94a561c8566b7cff9a57f5cd4; https://github.com/Effect-TS/effect/commit/1f8dea32e5b9f0bd159196ca26e4f27793b3a9cf; https://github.com/Effect-TS/effect/commit/3b2caa2b729d2ced852e56ca187da7472f103453,39b9738727ab4d87298fd640edd138f352c70ee3
7752,fix(docgen): preserve alias names and declared type parameters,MERGED,merged,2026-09-02T22:14:40Z,2026-09-03T05:02:58Z,2026-09-03T05:02:58Z,tim-smart,tim-smart,https://github.com/Effect-TS/effect/pull/7752,f01b8ad9199df7ac617052a2d7f0f2a9d627c2a9,3,kitlangton=1; tim-smart=2,True,0,True,Tim isolated alias-signature loss and landed source-declared alias names and type parameters.,No specific later follow-up identified.,7751,https://github.com/Effect-TS/effect/commit/c6d70529cdcae99a3909090c985eed11f7a13158; https://github.com/Effect-TS/effect/commit/bd9004a70b283b9ee7d682c3e9364a1c8f8e533a; https://github.com/Effect-TS/effect/commit/abd32ce342f5a4a37e63d048636c33b52a3a5787,
7754,fix(doctest): preserve statement boundaries after generated assertions,MERGED,merged,2026-09-02T22:14:43Z,2026-09-03T01:14:29Z,2026-09-03T01:14:29Z,tim-smart,tim-smart,https://github.com/Effect-TS/effect/pull/7754,d902f1fd92dba535ebcf220163e9fe0871210013,2,kitlangton=1; tim-smart=1,True,0,True,Tim added focused execution coverage for statement boundaries after generated assertions.,No specific later follow-up identified.,7753,https://github.com/Effect-TS/effect/commit/00332a8b91dd80fb145cb4820421f106f9af2f95; https://github.com/Effect-TS/effect/commit/7bf0ee5dadd9ffcb7190fd4ac3654d3ba4c8aca7,
7756,fix(ai-openai): preserve image strings in OpenAI and compatible requests,MERGED,merged,2026-09-02T22:14:47Z,2026-09-03T01:12:08Z,2026-09-03T01:12:08Z,tim-smart,tim-smart,https://github.com/Effect-TS/effect/pull/7756,685275058aea20b139498bba7eedd151f5638d7b,3,tim-smart=3,True,1,True,Tim rebuilt the retained branch as reproduction/fix commits and further preserved HTTP(S) image URL strings alongside data URLs and base64.,No specific later follow-up identified.,7755,https://github.com/Effect-TS/effect/commit/c2a4dcdb48fc71361fd0d6fd66317018c43d78e5; https://github.com/Effect-TS/effect/commit/bc96b6f4652ab464589d5d9fc7f497a2f5dd27dc; https://github.com/Effect-TS/effect/commit/9e3e332d55724f8aef3a9cc96968c51abd4ea9e1,0b935848082dd178db8278bff52a2cd07e5bf69a
7758,fix(ai-anthropic): preserve base64 image string payloads,MERGED,merged,2026-09-02T22:14:50Z,2026-09-03T05:20:27Z,2026-09-03T05:20:27Z,tim-smart,tim-smart,https://github.com/Effect-TS/effect/pull/7758,8479f4e91f67209106ad34af0b665ebce2b15f1c,3,kitlangton=1; tim-smart=2,True,2,True,Tim isolated outgoing Anthropic double-encoding and landed preservation of base64 strings.,No specific later follow-up identified.,7757,https://github.com/Effect-TS/effect/commit/67a9b3643bcb36bd2540b2617679e3bf12116586; https://github.com/Effect-TS/effect/commit/2dbc08474e7181ca2abb32bad290dfffa85be787; https://github.com/Effect-TS/effect/commit/3eb94c4a659155c7b65c1cef0f1c7ff26b0f885b,8f3ea0d0054cbf9f7700e82e0801b8fe4c511bc1; ad8e9ad7aff4a4ff50886db2c48b4d136c3d5980
7760,fix(opentelemetry): preserve negative counter deltas in both exporters,MERGED,merged,2026-09-02T22:14:54Z,2026-09-03T04:47:05Z,2026-09-03T04:47:05Z,tim-smart,tim-smart,https://github.com/Effect-TS/effect/pull/7760,b505c0db03e86eb126237690a5867f457eb4237f,3,kitlangton=1; tim-smart=2,True,0,True,Tim moved and reduced the negative-counter regression; incremental reset handling remains distinct from non-incremental decreases.,No specific later follow-up identified.,7759,https://github.com/Effect-TS/effect/commit/92aa83b8497b903358e597968cec51570d05cd61; https://github.com/Effect-TS/effect/commit/d00f40efe1017897888c5698987a3cd6928e7f0e; https://github.com/Effect-TS/effect/commit/7ed737f4e99a4d285fcb78f899c3f2570d14411a,a9d1ee3d4d51e97ea33440fe6100935d5fd5aada
7762,fix(opentelemetry): use collection interval starts for delta metrics,MERGED,merged,2026-09-02T22:14:57Z,2026-09-03T05:19:58Z,2026-09-03T05:19:58Z,tim-smart,tim-smart,https://github.com/Effect-TS/effect/pull/7762,ab07e661440ec4002fa873dd3f4097600c12aff8,2,kitlangton=1; tim-smart=1,True,2,True,Tim consolidated interval-timestamp regressions into the main Metric suite.,No specific later follow-up identified.,7761,https://github.com/Effect-TS/effect/commit/55c301f347fc5b965d75f372b947d8b5afc3f6ac; https://github.com/Effect-TS/effect/commit/0e95d468e8ca916bb45ec5e81abde957ef718198,
7764,fix(ai-openrouter): retain normalized tool-call finish reasons,MERGED,merged,2026-09-02T22:15:01Z,2026-09-03T01:13:38Z,2026-09-03T01:13:38Z,tim-smart,tim-smart,https://github.com/Effect-TS/effect/pull/7764,62945c1bafdf9dae2221eeda9cc705c0154c698c,2,kitlangton=1; tim-smart=1,True,0,True,"Tim consolidated OpenRouter finish-reason coverage, including guards and non-streaming behavior.",No specific later follow-up identified.,7763,https://github.com/Effect-TS/effect/commit/0e1b31cf507a203bd35ff7ae31a5b9456eb71a19; https://github.com/Effect-TS/effect/commit/e1f89fa2ca9c8f4e610b0669c37b5ab1b0f15ad3,98592a2373ae3b7acd541905ec3696dfbd44453a; 0b935848082dd178db8278bff52a2cd07e5bf69a
7766,fix(PersistedCache): persist synchronous lookup defects,MERGED,merged,2026-09-02T22:15:05Z,2026-09-03T05:03:32Z,2026-09-03T05:03:32Z,tim-smart,tim-smart,https://github.com/Effect-TS/effect/pull/7766,3a0828b058abb4b4646bd880458b4e636d77d1c3,3,kitlangton=1; tim-smart=2,True,0,True,Tim moved the persistence regression into Cache.test.ts and simplified the changeset.,No specific later follow-up identified.,7765,https://github.com/Effect-TS/effect/commit/577595ff2d065d1425f66c1ec3a8f1486fcca401; https://github.com/Effect-TS/effect/commit/47d56d3af4b02ec14eaa3ab0f0c121d5265676f8; https://github.com/Effect-TS/effect/commit/0e908508b753e7dba51eef6183d5a263ca431939,
7768,fix(openapi-generator): encode declared form-urlencoded requests,MERGED,merged,2026-09-02T22:15:09Z,2026-09-03T04:48:58Z,2026-09-03T04:48:58Z,tim-smart,tim-smart,https://github.com/Effect-TS/effect/pull/7768,c8072b6c4af75f93fc286912b3bc7ff5ce67f349,2,tim-smart=2,True,1,True,The retained branch is Tim-authored reproduction/fix commits covering all six generated form-request variants.,Confirmed test/CI follow-up: [#7845](https://github.com/Effect-TS/effect/pull/7845) merged September 3. Sebastian replaced this PR's Node/Babel generated-client test helper with Rolldown while expanding Bun CI coverage. The [backchannel](backchannel.md#1038-am-through-114-pm-image-5) reports the failure; the later passing investigation tested a revision already containing the repair.,7767,https://github.com/Effect-TS/effect/commit/beb627e42e083a6aa7ea024257162278730a396a; https://github.com/Effect-TS/effect/commit/32a4ab65087fdda368b978213f5b7bdd0e4e01b1,ad072007127dcfd394ff6b13e584ee5bd58f1373
7770,fix(openapi-generator): convert multipart record payloads,MERGED,merged,2026-09-02T22:15:14Z,2026-09-03T05:36:49Z,2026-09-03T05:36:49Z,tim-smart,tim-smart,https://github.com/Effect-TS/effect/pull/7770,ff0f00627e4312544a8bdb3e5e8f16c349889679,2,kitlangton=1; tim-smart=1,True,1,True,Tim added focused generated-client multipart field coverage instead of passing records to a native FormData constructor.,Shared test-helper follow-up: [#7845](https://github.com/Effect-TS/effect/pull/7845) also updates this multipart regression to await Rolldown compilation when replacing the helper introduced by #7768. The production multipart encoding is not changed by that repair.,7769,https://github.com/Effect-TS/effect/commit/63313a7875d077822f0cf1de3ea4f52b40aa4e0a; https://github.com/Effect-TS/effect/commit/ac44729fbea466557f768ffc956e9327f39c1259,ad072007127dcfd394ff6b13e584ee5bd58f1373
7774,fix(Trie): preserve valued nodes during removal,MERGED,merged,2026-09-02T23:59:36Z,2026-09-03T04:43:15Z,2026-09-03T04:43:15Z,tim-smart,tim-smart,https://github.com/Effect-TS/effect/pull/7774,fc3b7187114a31cbb21a250f55fda601bb3edcf0,3,kitlangton=1; tim-smart=2,True,2,True,Tim isolated the valued-prefix removal reproduction and landed pruning only for valueless childless nodes.,No specific later follow-up identified.,7773,https://github.com/Effect-TS/effect/commit/0a0caa608f6b55d41a4e6b740fe468e47f3d7a67; https://github.com/Effect-TS/effect/commit/003823345fb1735026611e9fbb3acd5239b6cb0b; https://github.com/Effect-TS/effect/commit/23c8256b6e535be0b7401159203575fa1e27a0f5,
7776,fix(MutableList): preserve bulk-prepended values when appending,MERGED,merged,2026-09-03T00:00:25Z,2026-09-03T05:24:03Z,2026-09-03T05:24:03Z,tim-smart,tim-smart,https://github.com/Effect-TS/effect/pull/7776,f74282cb08de808b678ce67687acbcd61939d2f6,3,kitlangton=1; tim-smart=2,True,2,True,Tim isolated the bulk-prepend/append reproduction and landed first-bucket tail initialization.,No specific later follow-up identified.,7775,https://github.com/Effect-TS/effect/commit/be4aee6781f9d6ae60af98ca1b8a235c8f0012a0; https://github.com/Effect-TS/effect/commit/26a5fc28e436163d03432515ea5aa1f597a688f2; https://github.com/Effect-TS/effect/commit/cc0cd8c17438d6cd3b02fc71c046b761e4266e99,
7778,fix(Optic): preserve deletions through pick and omit,MERGED,merged,2026-09-03T00:00:30Z,2026-09-03T04:40:05Z,2026-09-03T04:40:05Z,tim-smart,tim-smart,https://github.com/Effect-TS/effect/pull/7778,604b1c109d6c9e654b9b7fcc98d6b80361400325,3,kitlangton=1; tim-smart=2,True,2,True,Tim isolated projection-deletion failures and landed setters that retain only fields outside the focus before replacement.,No specific later follow-up identified.,7777,https://github.com/Effect-TS/effect/commit/252ebf528c2d6e63d97044de729b017c3d885f26; https://github.com/Effect-TS/effect/commit/f9f7e48b714352c6c568b49ae1862337678fd233; https://github.com/Effect-TS/effect/commit/b2dda3f30bfe6c6781e60b87d72668e89062f54c,4372c79a32fcecc7b6b284d49a215b2c4fef9d77
7780,fix(Optic): splice canonical string indices in optionalKey,MERGED,merged,2026-09-03T00:00:34Z,2026-09-03T04:44:40Z,2026-09-03T04:44:40Z,tim-smart,tim-smart,https://github.com/Effect-TS/effect/pull/7780,ccc2e02def5965f5535ca97fac2051f4387c4e13,2,kitlangton=1; tim-smart=1,True,2,True,Tim narrowed canonical string-index deletion coverage; the initial inline validator was later centralized.,"Code-traced refactor: [#7855](https://github.com/Effect-TS/effect/pull/7855), merged September 3, replaces this inline canonical-index validator with Array.isCanonicalArrayIndex and shares the rule with SchemaGetter.",7779,https://github.com/Effect-TS/effect/commit/bfeeb2e37a58451dffee68ab2d91e02d776e973d; https://github.com/Effect-TS/effect/commit/d081c807926d21f8d50951acc8526a9059b477cf,4372c79a32fcecc7b6b284d49a215b2c4fef9d77
7782,fix(Order): retain finite criteria across comparisons,MERGED,merged,2026-09-03T00:00:39Z,2026-09-03T04:38:28Z,2026-09-03T04:38:28Z,tim-smart,tim-smart,https://github.com/Effect-TS/effect/pull/7782,14d810a726caad8a7b0d42f04a6876f25fbcc005,2,tim-smart=2,True,3,True,The retained branch is Tim-authored test/fix commits materializing finite one-shot ordering criteria once.,No specific later follow-up identified.,7781,https://github.com/Effect-TS/effect/commit/934c28109b5c3050642d0c700a91225e419a2771; https://github.com/Effect-TS/effect/commit/c775d6a26fbd5d6832d4526a7d864f927ca69d54,
7784,fix(ExecutionPlan): capture while predicate requirements,MERGED,merged,2026-09-03T00:00:45Z,2026-09-03T05:14:02Z,2026-09-03T05:14:02Z,tim-smart,tim-smart,https://github.com/Effect-TS/effect/pull/7784,d6f9eba7e8df0c8bd74762c313402884d94ba146,2,kitlangton=1; tim-smart=1,True,2,True,Tim focused tests on missing captured services and precedence over conflicting ambient services.,No specific later follow-up identified.,7783,https://github.com/Effect-TS/effect/commit/4d3a5b5bbd8b27bb8fe99e60244170f3f6716bac; https://github.com/Effect-TS/effect/commit/2a272d5317e68c93d3afcbeb633f41fbaae769c4,
7786,fix(Equal): preserve NaN equality in floating-point typed arrays,CLOSED,closed_unmerged_no_recorded_reason,2026-09-03T00:22:55Z,,2026-09-03T04:37:55Z,,tim-smart,https://github.com/Effect-TS/effect/pull/7786,,2,kitlangton=1; tim-smart=1,True,2,,Tim revised typed-array element equality before closing. No explanatory closure comment.,No confirmed merged replacement identified.,7785,https://github.com/Effect-TS/effect/commit/3dcdcf900520d0b57752994a6275354d91a1bc77; https://github.com/Effect-TS/effect/commit/c2058b0ae99ec734c9f781061c1929743dcf95a1,
7788,fix(FileSystem): retain the sink write default for undefined flags,MERGED,merged,2026-09-03T00:22:59Z,2026-09-03T04:44:56Z,2026-09-03T04:44:56Z,tim-smart,tim-smart,https://github.com/Effect-TS/effect/pull/7788,95c2581e0f78e1537aad21764fe562206ca50adb,3,kitlangton=1; tim-smart=2,True,2,False,"Tim narrowed sink-flag coverage, then deleted the standalone sink test file; the undefined-to-write-default fix remained.",No specific later follow-up identified.,7787,https://github.com/Effect-TS/effect/commit/d6a94493c6d599fe79086576a3cedee79abeb87f; https://github.com/Effect-TS/effect/commit/5e0a450be816f626d9377fd1fc40898a4b11bb5e; https://github.com/Effect-TS/effect/commit/fc93a19c166486d27c3e246786b71646651b2f27,4ab4e838a4c9ab3c9cc0d52d3e83de88686601b0; c85fc0b8f2195780929d6fc8ecdc084faf18736c; 93f32c93ca0ba14ac454385796322d0a4a1ef7d7
7790,fix(SynchronizedRef): correct callback-only modifySomeEffect currying,MERGED,merged,2026-09-03T00:23:03Z,2026-09-03T04:19:22Z,2026-09-03T04:19:22Z,tim-smart,tim-smart,https://github.com/Effect-TS/effect/pull/7790,668082885f52672e4c7fad4e0fe2bfa0e69703e2,2,kitlangton=1; tim-smart=1,True,2,True,Tim focused type/runtime checks on the callback-only curried form and rejected obsolete fallback arguments.,No specific later follow-up identified.,7789,https://github.com/Effect-TS/effect/commit/a3997ea198d2c20cbc4e188b5695973c8a50d3b0; https://github.com/Effect-TS/effect/commit/aa09101f2d78fce635d84d1112fa30d51285ef11,
7792,fix(Layer): retain supplied inherited mock methods,CLOSED,closed_unmerged_no_recorded_reason,2026-09-03T00:23:07Z,,2026-09-03T04:31:36Z,,tim-smart,https://github.com/Effect-TS/effect/pull/7792,,3,kitlangton=1; tim-smart=2,True,2,,Tim added and trimmed inherited-method regressions before closing. No explanatory closure comment.,No confirmed merged replacement identified.,7791,https://github.com/Effect-TS/effect/commit/0b3b4c01177dc4bc50d6e1083d47a8fe078dc667; https://github.com/Effect-TS/effect/commit/80ccdcdca64406f1508acf7a15bfcb530c51680f; https://github.com/Effect-TS/effect/commit/ce1bf2ac29ee3f9ba3a56a75c41cd06f739da5a3,
7794,fix(Layer): avoid inventing thenables for mocked services,CLOSED,closed_unmerged_no_recorded_reason,2026-09-03T00:23:11Z,,2026-09-03T04:13:13Z,,tim-smart,https://github.com/Effect-TS/effect/pull/7794,,2,kitlangton=1; tim-smart=1,True,2,,Tim narrowed the mocked-thenable regression before closing. No explanatory closure comment.,No confirmed merged replacement identified.,7793,https://github.com/Effect-TS/effect/commit/6723db39c43d729b4e4ffb09437a16b8e140cf79; https://github.com/Effect-TS/effect/commit/5365ea00b74ab1a170abc5b0c5a41ce09e1b3db3,
7796,fix(Schema): preserve ArrayEnsure element branches and encoding cardinality,MERGED,merged,2026-09-03T01:46:28Z,2026-09-03T04:42:52Z,2026-09-03T04:42:52Z,tim-smart,tim-smart,https://github.com/Effect-TS/effect/pull/7796,53511efcd1c7a05d34b4c9a19c19ed317ebc5d4c,3,tim-smart=3,True,1,True,The retained branch is Tim-authored reproduction/fix/refactor commits; branch selection was simplified while preserving array-element identity and encoding cardinality.,No specific later follow-up identified.,7795,https://github.com/Effect-TS/effect/commit/e2e409153dd9d6a8cf85cf5b41f9433cd51c598c; https://github.com/Effect-TS/effect/commit/fc2fb83c300160f3a955d892953fdf832ebeccd8; https://github.com/Effect-TS/effect/commit/c180d8af382ed092e399faa0de7b452369d37ab5,db995df19b0381b64cc39b50aa28d7bd8f2c1294; 74dd9b3be8054a84f83941a08dc5879331a1e70b; fa6027b16e65376078e526fa33116ac0cc82485b
7798,fix(Channel): emit CR-terminated lines before pulling more input,MERGED,merged,2026-09-03T01:46:32Z,2026-09-03T05:27:57Z,2026-09-03T05:27:57Z,tim-smart,tim-smart,https://github.com/Effect-TS/effect/pull/7798,ec0c0875262fb81c7992f5023776b8fa894c49b6,3,kitlangton=1; tim-smart=2,True,0,True,Tim moved the CR-terminated line-delivery regression into Stream.test.ts and tightened the release note.,No specific later follow-up identified.,7797,https://github.com/Effect-TS/effect/commit/594eae7d09f018eae22883e9e146991d29ab9ee4; https://github.com/Effect-TS/effect/commit/d7f2015fdba4d378b7d4015cd44b245b33913631; https://github.com/Effect-TS/effect/commit/3d8c1dd0fa6f4364cd50c659e07eeee80f2efe61,b845b186379106c17ed4b1149e2462cd0d2d77b5
7800,fix(platform-bun): report Unix addresses for Unix socket servers,MERGED,merged,2026-09-03T01:46:37Z,2026-09-03T04:36:07Z,2026-09-03T04:36:07Z,tim-smart,tim-smart,https://github.com/Effect-TS/effect/pull/7800,d8776058bac7d9497b8654af1aec14ca80de4411,3,kitlangton=1; tim-smart=2,True,0,True,Tim isolated Unix-address reporting and landed a UnixAddress branch for Bun Unix-socket servers.,No specific later follow-up identified.,7799,https://github.com/Effect-TS/effect/commit/05601cac0bc63cbfbbbfe40f585e508d4839eee7; https://github.com/Effect-TS/effect/commit/00c19c01aa3fc0e3ba734f3133c322836b059a5c; https://github.com/Effect-TS/effect/commit/ca25095134bf51cf632e4165a7daa36dd700d8bb,6f6bd84fe03fbc0d777e8b518635e039b8a1e445; 1e92dbd26f5a74bb32103cbaac0f09460b7954de
7802,fix(cli): retain subcommand alias completion contexts,MERGED,merged,2026-09-03T01:46:41Z,2026-09-03T05:38:11Z,2026-09-03T05:38:12Z,tim-smart,tim-smart,https://github.com/Effect-TS/effect/pull/7802,a3f2b319343f28edb028270f7074066cea0ec429,3,kitlangton=1; tim-smart=2,True,2,True,Tim added alias completion coverage and aligned accepted completion aliases with the parser.,No specific later follow-up identified.,7801,https://github.com/Effect-TS/effect/commit/d794569f84c379c897fc447a00e65d11ad1261c2; https://github.com/Effect-TS/effect/commit/cff168bfb5708ca25768d33f5cdc1a39f6c77e26; https://github.com/Effect-TS/effect/commit/e6eb9c615f9b68f19417f145e6d9ae043c4ff5fc,
7804,fix(cli): include inherited shared flags in descendant completions,MERGED,merged,2026-09-03T01:46:46Z,2026-09-03T04:34:33Z,2026-09-03T04:34:33Z,tim-smart,tim-smart,https://github.com/Effect-TS/effect/pull/7804,310f8d3424a025ce1f1cc5c338232db2362052d8,1,kitlangton=1,False,1,True,One retained Kit-authored commit carrying ancestor shared flags into descendant completion descriptors.,No specific later follow-up identified.,7803,https://github.com/Effect-TS/effect/commit/e6b9596565c9ec9b93fd1af42de3cb3b6da70390,
7808,fix(platform-browser): return typed errors when subtle crypto is unavailable,MERGED,merged,2026-09-03T04:06:08Z,2026-09-03T06:41:43Z,2026-09-03T06:41:43Z,tim-smart,tim-smart,https://github.com/Effect-TS/effect/pull/7808,d84f865a48c9302b17254a500ae88bcc316b802c,2,kitlangton=1; tim-smart=1,True,0,True,Tim consolidated missing-subtle capability tests into the existing BrowserCrypto suite.,No specific later follow-up identified.,7807,https://github.com/Effect-TS/effect/commit/f1e1984809eb4c6378506f6379dcc080656dffb7; https://github.com/Effect-TS/effect/commit/c5e44a0d10fc9fed9bbb8aa55b6e32299ee187d8,
7810,fix(platform-node): preserve unsafe worker reply payloads,MERGED,merged,2026-09-03T04:06:12Z,2026-09-03T06:40:23Z,2026-09-03T06:40:23Z,tim-smart,tim-smart,https://github.com/Effect-TS/effect/pull/7810,9252a00ba3cf8a9eacb72ed161d6bed306444f6c,3,kitlangton=1; tim-smart=2,True,0,True,Tim isolated unsafe worker reply loss and landed exactly one data envelope while keeping readiness transport raw.,No specific later follow-up identified.,7809,https://github.com/Effect-TS/effect/commit/c31e16240a474b19c0b200d5f82840403478990c; https://github.com/Effect-TS/effect/commit/4c4f139698ac0c5be44f40b63020b7ec5c1318ed; https://github.com/Effect-TS/effect/commit/582db10525abf8352aa4a1976143dab45b6d3680,
7814,fix(McpServer): resolve HTTP resource templates without losing origins,MERGED,merged,2026-09-03T04:18:08Z,2026-09-03T06:35:31Z,2026-09-03T06:35:31Z,tim-smart,tim-smart,https://github.com/Effect-TS/effect/pull/7814,73bc3a13b6e1b7a060e6bcd19ae7796443211a80,3,kitlangton=1; tim-smart=2,True,0,True,Tim isolated HTTP resource-template lookup failure and landed identical origin-preserving matcher prefixes.,No specific later follow-up identified.,7813,https://github.com/Effect-TS/effect/commit/14b1f46d5cabb5a0042d93d5dcb37fe6833f1858; https://github.com/Effect-TS/effect/commit/2211697ca3c47cbd77c8e9d678a4e344b74cb05c; https://github.com/Effect-TS/effect/commit/e97015ff87a0c671eae2d21b910c0a8195044ad6,
7816,fix(McpServer): type prompt callbacks with decoded parameters,MERGED,merged,2026-09-03T04:18:11Z,2026-09-03T06:15:59Z,2026-09-03T06:15:59Z,tim-smart,tim-smart,https://github.com/Effect-TS/effect/pull/7816,b628bb1240a09df2244c3ff6c587f978feb25225,2,kitlangton=1; tim-smart=1,True,0,True,Tim consolidated content/completion callback typing coverage for decoded MCP parameters.,No specific later follow-up identified.,7815,https://github.com/Effect-TS/effect/commit/15d389370a7d76fe5310316b6ea6a582820caef2; https://github.com/Effect-TS/effect/commit/1b8cee6dfec423939adede2ac8bce84e9c4307d3,
7818,fix(IndexedDb): preserve out-of-line primary keys in query results,MERGED,merged,2026-09-03T04:25:10Z,2026-09-03T06:31:16Z,2026-09-03T06:31:16Z,tim-smart,tim-smart,https://github.com/Effect-TS/effect/pull/7818,072005e64b75452a2f5413b4a1b56a3690007e5b,3,kitlangton=1; tim-smart=2,True,0,True,Tim reduced and relocated primary-key regressions into IndexedDbQueryBuilder.test.ts.,No specific later follow-up identified.,7817,https://github.com/Effect-TS/effect/commit/98503d9e966dc6d95e5d12f846a56ab725c3fa1e; https://github.com/Effect-TS/effect/commit/367e300ead20bb507d0a0ee76f898718caefe92e; https://github.com/Effect-TS/effect/commit/f1d13d3e6709c41c3a87538ca79238e2aa4ea59d,
7820,fix(IndexedDb): keep select streams within their query limits,MERGED,merged,2026-09-03T04:25:14Z,2026-09-03T06:29:37Z,2026-09-03T06:29:37Z,tim-smart,tim-smart,https://github.com/Effect-TS/effect/pull/7820,99f57af40100fe41fbc244cc4dd76247bc618464,4,kitlangton=1; tim-smart=3,True,0,True,"Tim isolated non-aligned stream-limit overflow, landed remaining-limit accounting, and colocated the test with existing streams.",No specific later follow-up identified.,7819,https://github.com/Effect-TS/effect/commit/961f206454987233c18a998d8abaa733d33d0598; https://github.com/Effect-TS/effect/commit/32593c2155fd1c75a4b8925ec0ad63b7beea3921; https://github.com/Effect-TS/effect/commit/96b273c00cbd47c86a26c768942b5b78c4cd07e7; https://github.com/Effect-TS/effect/commit/5d75b87fd68bf572d8bc2aeb07ad1c2f4e59dab6,
7825,fix(Socket): resume paused WebSockets after reader handoff,MERGED,merged,2026-09-03T05:20:36Z,2026-09-03T06:06:37Z,2026-09-03T06:06:37Z,tim-smart,tim-smart,https://github.com/Effect-TS/effect/pull/7825,8364ddda233d35ee472cc2356312317a60a148a2,2,tim-smart=2,True,1,True,The retained branch is Tim-authored reproduction/fix commits exercising a real paused Node WebSocket and reader-ready handoff.,No specific later follow-up identified.,7824,https://github.com/Effect-TS/effect/commit/0e87c16cd112316c7ffb64a0ed186d4ea38c504f; https://github.com/Effect-TS/effect/commit/7d362dccf743347747da7d1dce68d5c0dc4c194b,
7827,fix(Socket): count UTF-8 text bytes toward WebSocket watermarks,MERGED,merged,2026-09-03T05:20:38Z,2026-09-03T06:06:11Z,2026-09-03T06:06:11Z,tim-smart,tim-smart,https://github.com/Effect-TS/effect/pull/7827,ad67d8c5a1b195ff5468a9f2e963c59aa0b3166f,2,kitlangton=1; tim-smart=1,True,0,True,Tim reduced the UTF-8 watermark regression to a focused multibyte threshold case.,No specific later follow-up identified.,7826,https://github.com/Effect-TS/effect/commit/7f4116886f5c3b6a242cce7975dbc5e5de30a743; https://github.com/Effect-TS/effect/commit/e11c3efb97fc6da0a00dedbf69f72c5f33d453bb,
7829,fix(sql-libsql): isolate transaction contexts per client,MERGED,merged,2026-09-03T05:29:52Z,2026-09-04T03:35:48Z,2026-09-04T03:35:48Z,tim-smart,tim-smart,https://github.com/Effect-TS/effect/pull/7829,b4d81832be7cefd1c5b3bfae8e3d12bda74a5184,3,kitlangton=1; tim-smart=2,True,1,True,Tim reduced the cross-client transaction regression and moved it into the real libSQL integration suite after review flagged its location.,No specific later follow-up identified.,7828,https://github.com/Effect-TS/effect/commit/12644642b4ee18a3a5965a557252adb324a51bce; https://github.com/Effect-TS/effect/commit/67edf35c80df2eea0fed97e146f1ce871329116a; https://github.com/Effect-TS/effect/commit/0c8f8ed74413126b00bb31b8ae9b497788e744d1,
7831,fix(sql-sqlite-bun): allow database export within transactions,MERGED,merged,2026-09-03T05:29:56Z,2026-09-04T03:47:21Z,2026-09-04T03:47:21Z,tim-smart,tim-smart,https://github.com/Effect-TS/effect/pull/7831,5fe42ce4431fb3b09548b29c207ff9cfa7bf0900,3,kitlangton=1; tim-smart=2,True,1,True,Tim removed debug output and reduced/moved the export-in-transaction test into Client.test.ts.,No specific later follow-up identified.,7830,https://github.com/Effect-TS/effect/commit/449f898f6a6923b6989bb95b304e3d7fec938971; https://github.com/Effect-TS/effect/commit/a394503089a8e2bd7e6000c39581ed9ae527e64e; https://github.com/Effect-TS/effect/commit/a0e05554e42a972770d9a3a45791f131d0741075,
7833,fix(platform-deno): decode Redis URL authority credentials once,MERGED,merged,2026-09-03T05:51:41Z,2026-09-04T03:48:12Z,2026-09-04T03:48:12Z,tim-smart,tim-smart,https://github.com/Effect-TS/effect/pull/7833,832c1d8e2118a811e57bd60a5e0c7ee4d29bad1c,3,kitlangton=1; tim-smart=2,True,1,True,"Tim reduced and moved AUTH-frame coverage into DenoRedis.integration.test.ts, reusing its existing option-precedence control.",No specific later follow-up identified.,7832,https://github.com/Effect-TS/effect/commit/e2d560c2107c0faa8903d5dc226dc5c6d3f9c766; https://github.com/Effect-TS/effect/commit/97724b5bf85836fd75217512507e1fab2001f7f8; https://github.com/Effect-TS/effect/commit/bcb4bfb5f6dd795bb3e266f8a745c156053ef4c7,
7835,fix(MessageStorage): clear queued control envelopes with their address,MERGED,merged,2026-09-03T06:14:05Z,2026-09-03T22:25:46Z,2026-09-03T22:25:46Z,tim-smart,tim-smart,https://github.com/Effect-TS/effect/pull/7835,e8912473bd4128714a0f8cb04621f3e12f62a910,3,kitlangton=1; tim-smart=2,True,1,True,Tim added a queued-Interrupt reproduction and simplified control-envelope cleanup around Kit's implementation commit.,No specific later follow-up identified.,7834,https://github.com/Effect-TS/effect/commit/c791e7138f46607878aec6203847407bf9990e28; https://github.com/Effect-TS/effect/commit/803038289b499899c779da3fe70e34daa6994524; https://github.com/Effect-TS/effect/commit/0b6f156724cd9387056648eca86f5bdf2528a3d7,
7837,fix(SqlMessageStorage): preserve reply IDs in by-ID reads,MERGED,merged,2026-09-03T06:14:08Z,2026-09-04T03:34:24Z,2026-09-04T03:34:25Z,tim-smart,tim-smart,https://github.com/Effect-TS/effect/pull/7837,91e9af0d5f138933d3a131ca1cfbc52d3bc55481,3,kitlangton=1; tim-smart=2,True,1,True,Tim reduced the joined-reply-ID regression and moved it into SqlMessageStorage.integration.test.ts.,No specific later follow-up identified.,7836,https://github.com/Effect-TS/effect/commit/2cce5f8b1abb77d9bf740a6ccaa80f1ffff3e3f3; https://github.com/Effect-TS/effect/commit/ad06f8bb8a01e8fc40f97f1aab9cf28e5bb026f6; https://github.com/Effect-TS/effect/commit/e80bfffd78864b749f37bb53e3c38efb1e7e20f4,
7840,fix(DurableClock): preserve explicit zero in-memory thresholds,MERGED,merged,2026-09-03T06:31:50Z,2026-09-04T03:35:01Z,2026-09-04T03:35:01Z,tim-smart,tim-smart,https://github.com/Effect-TS/effect/pull/7840,d8ff9605bb5ef7b0cacd80e3b43ed1ce9e3d5e36,3,kitlangton=1; tim-smart=2,True,1,True,Tim reduced numeric/bigint zero-threshold regressions and moved them into ClusterWorkflowEngine.test.ts.,No specific later follow-up identified.,7839,https://github.com/Effect-TS/effect/commit/d69c696025f1c915393591e4bcfccff492be0866; https://github.com/Effect-TS/effect/commit/cd25bfa8b5ee27481190951df260ee321a13e190; https://github.com/Effect-TS/effect/commit/6e296d9c456a386d4a4c86b787fdab55f656b5de,
7842,fix(ChunkedMessage): return a chunk for empty framing data,MERGED,merged,2026-09-03T06:31:53Z,2026-09-04T03:33:51Z,2026-09-04T03:33:51Z,tim-smart,tim-smart,https://github.com/Effect-TS/effect/pull/7842,473bd814a97dba66070435cfe84933bcc143effe,3,kitlangton=1; tim-smart=2,True,1,True,Tim isolated empty framing and landed a minimum of one valid chunk.,No specific later follow-up identified.,7841,https://github.com/Effect-TS/effect/commit/3818b31d34533b3e1d6db637bb080d8832c9af95; https://github.com/Effect-TS/effect/commit/95760c9ebc8e03ae87c1156225fd98e050aec0f9; https://github.com/Effect-TS/effect/commit/39e59394a6dd10b3d0494a149fc1b74e6767bcba,
7844,fix(SqlEventJournal): preserve callback error identity,MERGED,merged,2026-09-03T06:50:43Z,2026-09-03T11:27:37Z,2026-09-03T11:27:37Z,tim-smart,tim-smart,https://github.com/Effect-TS/effect/pull/7844,a2c1ce62f04214d98d848f4cfe33d677e1a87d39,3,kitlangton=1; tim-smart=2,True,1,True,Tim reduced callback-error coverage and added an explicit remote callback case.,No specific later follow-up identified.,7843,https://github.com/Effect-TS/effect/commit/a3a77602d9de73c20d040b1d51b40846daf81b48; https://github.com/Effect-TS/effect/commit/bf804844f60b3e858691e19bed77faa93209556c; https://github.com/Effect-TS/effect/commit/d827982749386361469b0eb313e92990ac21902d,
7848,fix(jsdocs): refresh input caches for each extraction,MERGED,merged,2026-09-03T08:59:08Z,2026-09-03T22:31:57Z,2026-09-03T22:31:57Z,tim-smart,tim-smart,https://github.com/Effect-TS/effect/pull/7848,37eca35ceaee830cf918f5651f52751dd7fb5b01,3,kitlangton=1; tim-smart=2,True,1,True,Tim isolated repeated extraction with a source edit and landed per-extraction cache refresh.,No specific later follow-up identified.,7847,https://github.com/Effect-TS/effect/commit/5b8d02665c86e82c714dcdfda442dfbbb5a8dcf4; https://github.com/Effect-TS/effect/commit/a0d0a67fab941f38c1e91a9f822485302d1e75d2; https://github.com/Effect-TS/effect/commit/0eb8b7d3c8e0befc651d6ef248b1c85f53fae7a5,
7850,fix(api-diff): preserve literal type categories in snapshots,MERGED,merged,2026-09-03T09:07:30Z,2026-09-04T05:36:23Z,2026-09-04T05:36:23Z,tim-smart,tim-smart,https://github.com/Effect-TS/effect/pull/7850,50640f9ec572a4112d143af27b92d35f04e194b9,3,kitlangton=1; tim-smart=2,True,2,True,Tim reproduced literal-category collisions and narrowed snapshot changes to a discriminator plus cache marker.,No specific later follow-up identified.,7849,https://github.com/Effect-TS/effect/commit/52a3755a892eef8a234057dfa9e14a8dd6619e24; https://github.com/Effect-TS/effect/commit/de7c671a29161925dfedb769408d99165d5dc028; https://github.com/Effect-TS/effect/commit/427d33343f1402807708d062d96c54c788252911,
7852,fix(api-diff): retain optional class members in snapshots,MERGED,merged,2026-09-03T09:11:24Z,2026-09-03T22:34:52Z,2026-09-03T22:34:52Z,tim-smart,tim-smart,https://github.com/Effect-TS/effect/pull/7852,3853b112d4b1726f3e3d01a5d4b7f630052bf7c8,2,kitlangton=1; tim-smart=1,True,1,True,Tim consolidated class-optionality extraction/diff coverage; the docs explain regenerating both snapshots with the same extractor.,No specific later follow-up identified.,7851,https://github.com/Effect-TS/effect/commit/45228584c0746f01e3a0aef14e5dca82b9d0e059; https://github.com/Effect-TS/effect/commit/63803284a4e4f8f797e600cde80dc051a5276395,
7854,fix(utils): preserve absolute codegen discovery matches,MERGED,merged,2026-09-03T09:13:14Z,2026-09-03T22:27:47Z,2026-09-03T22:27:48Z,tim-smart,tim-smart,https://github.com/Effect-TS/effect/pull/7854,f8ab8e0603e11048df27189d82bcf642d71aafe5,3,kitlangton=1; tim-smart=2,True,1,True,"Sebastian questioned whether glob can return absolute matches; Tim verified the failure with glob@13 and the public filesystem interface, then retained a narrow isAbsolute guard.",No specific later follow-up identified.,7853,https://github.com/Effect-TS/effect/commit/d367c323c35cfa50deda8346d160148bf3df8541; https://github.com/Effect-TS/effect/commit/f87687fcf05a20ddfeefbd1fa3a8ce2dd967d32b; https://github.com/Effect-TS/effect/commit/51fa6f81afab7d8e1bc3745693297b24633a0f48,
7860,fix(SqlRunnerStorage): bound PostgreSQL acquisition results to requested shards,MERGED,merged,2026-09-03T10:14:05Z,2026-09-03T22:55:12Z,2026-09-03T22:55:12Z,tim-smart,tim-smart,https://github.com/Effect-TS/effect/pull/7860,df3fc47609eda7843dae2b557c8fe834299e26b4,5,kitlangton=1; tim-smart=4,True,1,True,"Tim reduced and moved the shard-acquisition regression into the PostgreSQL suite, adjusted setup timing, and refined the implementation.",No specific later follow-up identified.,7859,https://github.com/Effect-TS/effect/commit/1df435e41d2404ff070ba90818db9d42a1d8db23; https://github.com/Effect-TS/effect/commit/f2b9924062ab07f507937a4ce5c9f7ad4e06e523; https://github.com/Effect-TS/effect/commit/26a486f3f3bb7efd72510cacaf3157524e7ea1f8; https://github.com/Effect-TS/effect/commit/71eaee826736dd03ca00e92879f85fc49ec4f9fc; https://github.com/Effect-TS/effect/commit/591bc7140553c16c3171eedb2dae5b95a38177ad,
7862,fix(EventLogRemote): retry wrapped authentication Forbidden errors,MERGED,merged,2026-09-03T10:18:05Z,2026-09-04T05:48:51Z,2026-09-04T05:48:51Z,tim-smart,tim-smart,https://github.com/Effect-TS/effect/pull/7862,a3ebb7fcb208f3933a40a0fd949dbcfdf1ca2921,7,kitlangton=1; tim-smart=6,True,0,True,"Tim replaced instanceof with tag-based checks, then introduced EventLogRemoteError.is and EventLogProtocolError.is to remove casts.",No specific later follow-up identified.,7861,https://github.com/Effect-TS/effect/commit/8f92a4ff41565e63ab79132b1824a9ed8b01f785; https://github.com/Effect-TS/effect/commit/058efa4d28a1d00730037f21ebe6a0fecea962c0; https://github.com/Effect-TS/effect/commit/20a59d825b701faddb886aa1d3f5eecde4cd6749; https://github.com/Effect-TS/effect/commit/872586e00235b0c73422c61a02a4afdb5ddb2a08; https://github.com/Effect-TS/effect/commit/1eb5503c2162ffac62bc5718225ab5c30f2a56e4; https://github.com/Effect-TS/effect/commit/c0efa5dc47a55d6b3cd01eb45010cac15e7d56b6; https://github.com/Effect-TS/effect/commit/b3e65310e8d184b1143bed0e9c9fc4145c902b72,
7864,"fix(Random, Crypto): prevent rounding to exclusive upper bounds",MERGED,merged,2026-09-03T11:01:01Z,2026-09-03T23:05:25Z,2026-09-03T23:05:25Z,tim-smart,tim-smart,https://github.com/Effect-TS/effect/pull/7864,f984ee82d255c7958eeed6f0dd08de1b88cbbfd6,5,kitlangton=1; tim-smart=4,True,1,True,Tim refined the floating-point predecessor fix and extended it from Random.nextBetween to Crypto.randomBetween through a shared calculation.,No specific later follow-up identified.,7863,https://github.com/Effect-TS/effect/commit/af037554e9b3dd6b3392fa5c52385cd036ffa784; https://github.com/Effect-TS/effect/commit/f0465ec1ff2223720785035882b4420484f57518; https://github.com/Effect-TS/effect/commit/068b60185c891e195be30a53d058a7e306da98ab; https://github.com/Effect-TS/effect/commit/343f0589345e2068c554f7f327f9a37d90074941; https://github.com/Effect-TS/effect/commit/ca2677903ce528b2c5cda4a7bbb76335e664a0dd,
7866,fix(platform-browser): invoke custom runtime teardown,MERGED,merged,2026-09-03T11:14:23Z,2026-09-03T23:16:48Z,2026-09-03T23:16:48Z,tim-smart,tim-smart,https://github.com/Effect-TS/effect/pull/7866,53eb88875dace386188435884037e4bc25109c37,6,tim-smart=6,True,3,False,"The retained Tim-authored sequence added teardown, listener-lifecycle and cleanup-order checks, fixed pagehide listener cleanup, then deleted the standalone runtime test file.",No specific later follow-up identified.,7865,https://github.com/Effect-TS/effect/commit/9a46b7e2674ae4b59bcbf850abfddfe661a53fb7; https://github.com/Effect-TS/effect/commit/6ea4b5884e928321742ce9a443219c59369430dd; https://github.com/Effect-TS/effect/commit/2cec2f362ce7ff38f3d0ece9be1f40c05b65e14b; https://github.com/Effect-TS/effect/commit/99a41997b514ed1884b5e315350685465a13763b; https://github.com/Effect-TS/effect/commit/6519e6a657afa5413caeb81ae40c984b8e78d5ed; https://github.com/Effect-TS/effect/commit/4bd5d28c6dd81d2e5e1d00ff75048be8f63cc8bf,
7868,fix(platform-browser): recognize IndexedDB keys containing bytes,MERGED,merged,2026-09-03T11:14:26Z,2026-09-03T23:00:01Z,2026-09-03T23:00:01Z,tim-smart,tim-smart,https://github.com/Effect-TS/effect/pull/7868,6b8128e0bdc9d6778ca4dcea7effcfd50a500662,2,kitlangton=1; tim-smart=1,True,1,True,Tim tightened the IndexedDB has regression while retaining representation-independent count-based lookup.,No specific later follow-up identified.,7867,https://github.com/Effect-TS/effect/commit/784b0165502b2dd5276637894286abffdd117800; https://github.com/Effect-TS/effect/commit/fe960d0d078b4a94fa794fa55d84e6e548eceaf5,
7870,fix(TestSchema): compare every own struct field by AST,MERGED,merged,2026-09-03T11:14:30Z,2026-09-03T12:12:19Z,2026-09-03T12:12:19Z,gcanti,gcanti,https://github.com/Effect-TS/effect/pull/7870,af0ccdd13aa8917bce7161b8bc257fbe51c6a6a5,2,gcanti=1; kitlangton=1,True,0,True,Giulio focused field-AST equality coverage and merged the own-key projection fix.,No specific later follow-up identified.,7869,https://github.com/Effect-TS/effect/commit/edbc16a1af45606be9a61eeaf862553e2c8494b2; https://github.com/Effect-TS/effect/commit/fcafab90f98dd05f74c873c4d420bf6e3aa1ef65,
7872,fix(Formatter): preserve defined falsy Error causes,MERGED,merged,2026-09-03T11:14:33Z,2026-09-03T22:43:05Z,2026-09-03T22:43:05Z,tim-smart,tim-smart,https://github.com/Effect-TS/effect/pull/7872,d473bd3ee966a3a0c245d0e3c752fd91368b8ff6,3,kitlangton=2; tim-smart=1,True,1,True,Kit adjusted native Error property-layout coverage across runtimes; Tim reduced it to focused defined-falsy-cause checks.,No specific later follow-up identified.,7871,https://github.com/Effect-TS/effect/commit/5a2e6106197951855500724ce25f313c6d35331e; https://github.com/Effect-TS/effect/commit/267980a4cee6d20ec0d3441373538d3d8693d2f1; https://github.com/Effect-TS/effect/commit/87770ba782b8404e20be34d060334adbb057a19b,
7874,fix(Logger): complete file log writes after partial progress,MERGED,merged,2026-09-03T11:14:36Z,2026-09-03T23:10:26Z,2026-09-03T23:10:26Z,tim-smart,tim-smart,https://github.com/Effect-TS/effect/pull/7874,f1a941d52c2f71973e998883869e4e9ef510abf2,2,kitlangton=1; tim-smart=1,True,2,False,Tim deleted the standalone Logger.toFile regression file; writeAll and the matching JSDoc fixture changes remained.,No specific later follow-up identified.,7873,https://github.com/Effect-TS/effect/commit/1197ab00b487d7a79b69a5155c5013b43d5aef14; https://github.com/Effect-TS/effect/commit/f8696a02e9bcea096850265eb8783d33f095f5cf,d5c7cd2c47b2b01523aaea48d2dd039b89b36114; 72cfa2420977919ba57a8e6de538e01e06d5f380
7877,fix(Arbitrary): encode transformed template literal parts,CLOSED,superseded_by_merged_replacement,2026-09-03T11:40:07Z,,2026-09-06T17:45:50Z,,gcanti,https://github.com/Effect-TS/effect/pull/7877,,2,kitlangton=1; tim-smart=1,True,1,,Giulio explicitly closed in favor of #8094. That replacement rejects transformed TemplateLiteral parts and separates codec parsing into TemplateLiteralParser.,"Superseded by https://github.com/Effect-TS/effect/pull/8094, merged 2026-09-06T19:00:40Z.",7876,https://github.com/Effect-TS/effect/commit/21c1ac64a5167f99d0c45e8049c2bbd7647f42e7; https://github.com/Effect-TS/effect/commit/e1a886f59f1ed88325500f58811d958070d92cd5,
7879,fix(Arbitrary): validate indexed object generation and shrinking,CLOSED,superseded_by_merged_replacement,2026-09-03T11:40:10Z,,2026-09-06T21:10:33Z,,gcanti,https://github.com/Effect-TS/effect/pull/7879,,3,kitlangton=1; tim-smart=2,True,2,,Giulio explicitly closed in favor of #8095. That replacement validates index constraints and specializes scalar generation for productive matching constraints.,"Superseded by https://github.com/Effect-TS/effect/pull/8095, merged 2026-09-07T06:10:49Z.",7878,https://github.com/Effect-TS/effect/commit/a791bc335d299dd29c576f391aa873ee6a88c374; https://github.com/Effect-TS/effect/commit/2c1bd10c42ff3f4a20a52879b774e9c497ef5ab1; https://github.com/Effect-TS/effect/commit/9b6d61c2cbc1b2bb949299fe2f420431d5e3583c,
7882,fix(sql-d1): preserve native raw result envelopes,MERGED,merged,2026-09-03T11:44:06Z,2026-09-04T03:57:58Z,2026-09-04T03:57:59Z,tim-smart,tim-smart,https://github.com/Effect-TS/effect/pull/7882,22cd7fa32ac539c3298d1b4afdbd2ecf190de948,4,kitlangton=1; tim-smart=3,True,1,True,"Tim revised the raw-insert reproduction, clarified D1 envelope behavior in the release note, and reduced the final regression.",No specific later follow-up identified.,7881,https://github.com/Effect-TS/effect/commit/263a17d5390079e790a504cedbfa5d0ebe25659d; https://github.com/Effect-TS/effect/commit/05d86ecb0c902d23a6e192c1b02857e987d2200d; https://github.com/Effect-TS/effect/commit/33fcbf02bd1b94d667364d0dd47510ee0a078acc; https://github.com/Effect-TS/effect/commit/f4cef7647dd833823bbe53e6d1bc848c2b5ba0f1,
7884,fix(ConfigProvider): substitute dotenv references as literal data,MERGED,merged,2026-09-03T12:21:08Z,2026-09-03T23:03:24Z,2026-09-03T23:03:24Z,tim-smart,tim-smart,https://github.com/Effect-TS/effect/pull/7884,436f5eb44aa234bdf1de37b07da2ce8dc31ad4ec,2,kitlangton=1; tim-smart=1,True,2,True,Tim consolidated literal replacement tokens into one focused dotenv regression.,No specific later follow-up identified.,7883,https://github.com/Effect-TS/effect/commit/7cd32fd2b76e348e706f7714a4e85bb77273bb0e; https://github.com/Effect-TS/effect/commit/0ea877803fd5ece625fed51760155cff3f700b16,
7886,fix(HashRing): include the final exclusion search radius,MERGED,merged,2026-09-03T12:21:11Z,2026-09-03T23:01:47Z,2026-09-03T23:01:47Z,tim-smart,tim-smart,https://github.com/Effect-TS/effect/pull/7886,1df933d1dee2e09a25f9c27214b31aa94fa9d020,3,kitlangton=1; tim-smart=2,True,2,True,Tim reduced the exclusion-scan fixture and tightened the expected allocation assertion.,No specific later follow-up identified.,7885,https://github.com/Effect-TS/effect/commit/2f16699f7d047e0d4298649855ef3ce26f4710c0; https://github.com/Effect-TS/effect/commit/a1e86855b942610e8cd29ffaaaa16ab414a81f59; https://github.com/Effect-TS/effect/commit/f319b51332c383a8ffa8b630ae53ec672b21419e,
7889,fix(Entity): forward test-client fatal-defect options,MERGED,merged,2026-09-03T12:25:03Z,2026-09-03T22:53:56Z,2026-09-03T22:53:56Z,tim-smart,tim-smart,https://github.com/Effect-TS/effect/pull/7889,a8ea80799a0bf187c577e052fef0b7245494c7bf,2,kitlangton=1; tim-smart=1,True,1,True,Tim moved fatal-defect option coverage into the existing Entity suite.,No specific later follow-up identified.,7888,https://github.com/Effect-TS/effect/commit/c66f88c0e19b8d8f209312603714157b94908569; https://github.com/Effect-TS/effect/commit/f90304f357bfa980722d4346ca47484a82619e7a,
7891,fix(cluster): distinguish entity teardown keys unambiguously,CLOSED,closed_unmerged_no_recorded_reason,2026-09-03T12:25:06Z,,2026-09-03T22:49:52Z,,tim-smart,https://github.com/Effect-TS/effect/pull/7891,,2,kitlangton=1; tim-smart=1,True,1,,Tim removed debug output before closing. No explanatory closure comment.,No confirmed merged replacement identified.,7890,https://github.com/Effect-TS/effect/commit/ab40c2a186dd9f10f97022c9579192428a8e3934; https://github.com/Effect-TS/effect/commit/2eccd9c90310415ccd05195d2826d35ddff28e49,
7894,fix(ai-codegen): recognize whitespace-leading inline patches,MERGED,merged,2026-09-03T12:41:43Z,2026-09-04T06:01:24Z,2026-09-04T06:01:24Z,tim-smart,tim-smart,https://github.com/Effect-TS/effect/pull/7894,bea7d4c3a83d697fd6d0e72c342bd3c2c5962b52,6,tim-smart=6,True,2,True,The retained Tim-authored branch broadened whitespace handling to absolute patch paths and consolidated the Generator tests into the owning suite.,No specific later follow-up identified.,7893,https://github.com/Effect-TS/effect/commit/abd293ad04f161fb74fbf1c218af7803a5d5aa7f; https://github.com/Effect-TS/effect/commit/31b48fc3bccb60f28e65bd2e8ff64530454d4bc2; https://github.com/Effect-TS/effect/commit/f149cc8a1b73c75db4b7d5464fadabea826fd722; https://github.com/Effect-TS/effect/commit/d3eddc7e4471e29c3aa54e44ac5165d3d520f876; https://github.com/Effect-TS/effect/commit/f110a1283797c58188a2d2a491de7be1f04ad3fe; https://github.com/Effect-TS/effect/commit/b3f812be0766b5e194ad4aabe3edaf4a4d717ee5,
7896,fix(ai-docgen): resolve generated links from the output directory,CLOSED,closed_unmerged_no_recorded_reason,2026-09-03T12:41:47Z,,2026-09-03T20:24:44Z,,tim-smart,https://github.com/Effect-TS/effect/pull/7896,,3,tim-smart=3,True,1,,The retained branch has Tim-authored reproduction and link-path fixes. Tim closed without an explanatory comment.,No confirmed merged replacement identified.,7895,https://github.com/Effect-TS/effect/commit/16603d1595ac8fb121971b8949389bae43e63ece; https://github.com/Effect-TS/effect/commit/c3b95453e572e606d69a72eae90095a432d0c96a; https://github.com/Effect-TS/effect/commit/fda4e49a325b8c3204d8216c79c4ffcd6ba41fde,
7898,fix(HttpRunner): preserve configured leading path separators,MERGED,merged,2026-09-03T12:56:41Z,2026-09-04T05:46:21Z,2026-09-04T05:46:21Z,tim-smart,tim-smart,https://github.com/Effect-TS/effect/pull/7898,1e6e206f6327a114f55a541775f465c0bc9fbf3e,3,kitlangton=1; tim-smart=2,True,1,True,Tim removed the standalone HttpRunner tests and kept focused configured-path cases in the runner suite.,No specific later follow-up identified.,7897,https://github.com/Effect-TS/effect/commit/101913ce397398f09d86424220c060ade42e2fd0; https://github.com/Effect-TS/effect/commit/9fdf31cbcf4ebe2896be4bb64dee942748f697ee; https://github.com/Effect-TS/effect/commit/2fc9216decf9b083cbda7bb4e2c6a5b443ad4cbd,
7902,fix(EntityProxyServer): retain client codec service requirements,MERGED,merged,2026-09-03T13:06:28Z,2026-09-03T22:50:46Z,2026-09-03T22:50:46Z,tim-smart,tim-smart,https://github.com/Effect-TS/effect/pull/7902,ce4aa65409e8500908fb6496eca06270ef5b636f,2,kitlangton=1; tim-smart=1,True,1,True,Tim focused type coverage on asymmetric request-encoding and reply/error-decoding requirements.,No specific later follow-up identified.,7901,https://github.com/Effect-TS/effect/commit/b85561f8b771055d2e81b5b76b76bf98cd2ed4f4; https://github.com/Effect-TS/effect/commit/6ea33c61fadb961e570f4cebfd9231436e69bd95,
7904,fix(SqlModel): retain insert result decoding services,MERGED,merged,2026-09-03T13:06:32Z,2026-09-03T22:57:28Z,2026-09-03T22:57:28Z,tim-smart,tim-smart,https://github.com/Effect-TS/effect/pull/7904,e11be41dfc73fa6b5643ab9af7df18d6907927d7,2,kitlangton=1; tim-smart=1,True,2,True,Tim deleted the standalone SqlModelServices type-test file; the insert resolver's decoding-service requirement remained.,No specific later follow-up identified.,7903,https://github.com/Effect-TS/effect/commit/733f427aae4bf6b93395fc868ae8e7cd21d13461; https://github.com/Effect-TS/effect/commit/d22a2af567f252855b5e857c70fc4023d002e283,
7906,fix(Sharding): preserve explicit registration service overrides,MERGED,merged,2026-09-03T13:11:53Z,2026-09-04T03:54:12Z,2026-09-04T03:54:12Z,tim-smart,tim-smart,https://github.com/Effect-TS/effect/pull/7906,7bb878176b8ad20cf0e671b570caf72e194f9515,3,kitlangton=1; tim-smart=2,True,1,True,Tim replaced three standalone fixtures with one registration-override regression using the shared TestSharding layer and suite conventions.,No specific later follow-up identified.,7905,https://github.com/Effect-TS/effect/commit/85e0aa7d3c3cc1251c80a61df7a3f40fd0f2f6a7; https://github.com/Effect-TS/effect/commit/60bfc0a2286c04711aea642d014d50ec61bfd7d8; https://github.com/Effect-TS/effect/commit/983485f17999aba0d1b9a8eb9a317a467c9c242d,
7910,fix(Number): preserve negative-zero remainder dividends,MERGED,merged,2026-09-03T14:14:11Z,2026-09-03T22:49:10Z,2026-09-03T22:49:10Z,tim-smart,tim-smart,https://github.com/Effect-TS/effect/pull/7910,07ffd25bd0e82c9e6b72b8e669833fb4531a9da3,2,kitlangton=1; tim-smart=1,True,1,True,Tim reduced negative-zero remainder coverage to a focused assertion.,No specific later follow-up identified.,7909,https://github.com/Effect-TS/effect/commit/9dc3b152f4f331ccdb0dfd7dff8f117356b1d76f; https://github.com/Effect-TS/effect/commit/335bf804e8de9d956c2228477be0c07621ace585,
7912,fix(Tokenizer): measure complete candidate prompts when truncating,MERGED,merged,2026-09-03T14:14:15Z,2026-09-03T22:36:10Z,2026-09-03T22:36:10Z,tim-smart,tim-smart,https://github.com/Effect-TS/effect/pull/7912,f43b9d6d99cb591c0377bb1474121827201627c9,1,tim-smart=1,True,1,True,The retained branch is a single Tim-authored fix measuring full candidate suffix prompts rather than summing isolated-message costs.,No specific later follow-up identified.,7911,https://github.com/Effect-TS/effect/commit/bb1901a5ca0bb733929a94c5651a0fc25b7cab2a,
7915,fix(Effectable): evaluate Class with asEffect,MERGED,merged,2026-09-03T14:18:29Z,2026-09-04T05:39:11Z,2026-09-04T05:39:12Z,tim-smart,tim-smart,https://github.com/Effect-TS/effect/pull/7915,027ceb91e003fbc36f0559f72e1c614cd9198c1a,5,kitlangton=1; tim-smart=4,True,1,True,"API redesign: Tim requested abstract asEffect() instead of the original evaluator override, implemented per-run delegation, and moved focused tests into Effect.test.ts.","Related extension: [#7907](https://github.com/Effect-TS/effect/pull/7907), merged September 7, adds Effectable.Mixin and shares the asEffect-based evaluation prototype. The PR was opened earlier; this is a later integration, not evidence of a new bug caused here.",7914,https://github.com/Effect-TS/effect/commit/fcc6082b20c7683852e8eefd8a58622fb2763992; https://github.com/Effect-TS/effect/commit/2cfb2e522666f64d5707f5f4a891776511823c72; https://github.com/Effect-TS/effect/commit/60c6dbf7684d2217839b60aeab3e245cafe52136; https://github.com/Effect-TS/effect/commit/183cf48b66e31095cfa8f6105ab7be476d18fea6; https://github.com/Effect-TS/effect/commit/56446afbe2038ceecb96097367fed6f1a3b5a812,3d203b702e26687d2fea4aaae7cc01dcfb82c05e
7917,fix(Scope): retain cleanup after finalizer callback defects,CLOSED,closed_unmerged_no_recorded_reason,2026-09-03T14:18:32Z,,2026-09-03T22:54:35Z,,tim-smart,https://github.com/Effect-TS/effect/pull/7917,,2,tim-smart=2,True,1,,The retained branch has Tim-authored cleanup fixes and strengthened tests. Tim closed without an explanatory comment.,No confirmed merged replacement identified.,7916,https://github.com/Effect-TS/effect/commit/eb22640f125231614bec1f177c17476fadb06e15; https://github.com/Effect-TS/effect/commit/f86eaed7190f00224949b94d6ae8a22ff4cc03a9,
7920,fix(Graph): respect impassable edges during cycle propagation,MERGED,merged,2026-09-03T14:54:35Z,2026-09-05T07:12:50Z,2026-09-05T07:12:50Z,fubhy,fubhy,https://github.com/Effect-TS/effect/pull/7920,e2ae72481e755a454f28ce45e90f43b857b7c6e5,2,kitlangton=1; tim-smart=1,True,2,True,Tim moved Infinity-barrier Bellman-Ford regressions into Graph.test.ts; Sebastian merged the PR.,No specific later follow-up identified.,7919,https://github.com/Effect-TS/effect/commit/cdd616e309ef784fd4a5b7506873fbf853682508; https://github.com/Effect-TS/effect/commit/2476f6fca5cbe680b5976bb5fb49100950442cf3,
7922,fix(HttpClient): keep preprocessing inside redirect recovery wrappers,MERGED,merged,2026-09-03T14:54:39Z,2026-09-03T22:39:07Z,2026-09-03T22:39:07Z,tim-smart,tim-smart,https://github.com/Effect-TS/effect/pull/7922,0276a27ddbb15d163daf56f059ca9f62c4fd9939,2,kitlangton=1; tim-smart=1,True,1,True,Tim tightened redirect/preprocessing recovery coverage while retaining per-execution request capture.,No specific later follow-up identified.,7921,https://github.com/Effect-TS/effect/commit/c84c22db50d73be404b1ea78fdbdf5f06c5785a3; https://github.com/Effect-TS/effect/commit/88ac5e97bf26906bd2e3cbb10170eb32801171d2,ca6f0dc4fcea564b351bf505df015d16a8b965ed
7924,fix(Tuple): retain optional evolve transform results,MERGED,merged,2026-09-03T14:59:21Z,2026-09-04T06:10:54Z,2026-09-04T06:10:54Z,tim-smart,tim-smart,https://github.com/Effect-TS/effect/pull/7924,d12f922853eff2310dbe9fc9b31562ad81b38435,3,kitlangton=1; tim-smart=2,True,3,True,Tim added the optional-transform result type regression and removed redundant runtime/type fixtures.,No specific later follow-up identified.,7923,https://github.com/Effect-TS/effect/commit/3e2f29776562df438d12ce2f9f00317ed5a9207f; https://github.com/Effect-TS/effect/commit/9d63c4986f113e95e99cecc0b1abdf30fd1f63b2; https://github.com/Effect-TS/effect/commit/e24fbed0d4925d4e71bd3b57491fec049559a1ca,
7926,fix(String): match native trim whitespace in literal types,CLOSED,closed_unmerged_no_recorded_reason,2026-09-03T14:59:25Z,,2026-09-03T22:39:51Z,,tim-smart,https://github.com/Effect-TS/effect/pull/7926,,2,kitlangton=1; tim-smart=1,True,1,,Tim tightened trim-whitespace coverage before closing. No explanatory closure comment.,No confirmed merged replacement identified.,7925,https://github.com/Effect-TS/effect/commit/2657cbb294ebf454e699bd68fb473aaf20d47f4b; https://github.com/Effect-TS/effect/commit/78bdd7414b05700777b0b2cbbbede5846f2f814c,
7933,fix(Context): infer services for saved curried getters,MERGED,merged,2026-09-03T15:58:51Z,2026-09-04T06:03:41Z,2026-09-04T06:03:41Z,tim-smart,tim-smart,https://github.com/Effect-TS/effect/pull/7933,8cf12030e8a3e1e76384884d41afa96e2bd72b13,4,kitlangton=1; tim-smart=3,True,2,True,Tim consolidated and minimized saved-getter inference coverage and tightened the changeset.,No specific later follow-up identified.,7932,https://github.com/Effect-TS/effect/commit/9fdef8851c4ae05a11759d6c8a6946c54815c34c; https://github.com/Effect-TS/effect/commit/3ea1825694686ad83e59a74acd446b2cd9e06126; https://github.com/Effect-TS/effect/commit/dbe80aca587592750079e2360e41069e76d899c5; https://github.com/Effect-TS/effect/commit/677ab4542e310a8fb3898e19eb599e334d1ad9fa,
7935,fix(Layer): require error taps to accept the source error,MERGED,merged,2026-09-03T15:58:54Z,2026-09-04T02:47:57Z,2026-09-04T02:47:57Z,tim-smart,tim-smart,https://github.com/Effect-TS/effect/pull/7935,ce120f474b87d8a5a787dd7f848177ecd3b960fc,2,tim-smart=2,True,2,True,The retained branch is Tim-authored test/fix commits enforcing full-error observer domains without erased casts.,No specific later follow-up identified.,7934,https://github.com/Effect-TS/effect/commit/59e626b38883099b409f2ab5eaf5849cf298552b; https://github.com/Effect-TS/effect/commit/2b6686064ad43ebbf87e66491095b14ad66f75f4,
7937,fix(LayerMap): retain errors for preloaded service reacquisition,MERGED,merged,2026-09-03T16:04:28Z,2026-09-04T03:33:29Z,2026-09-04T03:33:29Z,tim-smart,tim-smart,https://github.com/Effect-TS/effect/pull/7937,e80d3972fcca4e986b6497d67406f45ee1be540d,3,kitlangton=1; tim-smart=2,True,2,False,"Tim refined preload typing and coverage, then deleted the standalone LayerMap type-test file.",No specific later follow-up identified.,7936,https://github.com/Effect-TS/effect/commit/b6a148669d895d96b6667d5da404b92b40eeb683; https://github.com/Effect-TS/effect/commit/ae6353cfc19b806aebb47adca621cc4eb240c3dc; https://github.com/Effect-TS/effect/commit/4e725f6466cae8fef60297fcc91440d6bc2a31c7,4907e9b2470894ddaf0cbdec2612b59f04a51dbe
7939,fix(Reply): align codec service requirements with their direction,MERGED,merged,2026-09-03T17:06:21Z,2026-09-04T02:49:44Z,2026-09-04T02:49:44Z,tim-smart,tim-smart,https://github.com/Effect-TS/effect/pull/7939,8f397ed4e7852026591819cc4c8c1995bdd2fb8c,3,kitlangton=1; tim-smart=2,True,1,True,Tim added a decoding-direction type regression and reduced the codec-service test matrix.,No specific later follow-up identified.,7938,https://github.com/Effect-TS/effect/commit/04fe6997911567c1ffd24b10c97e49375f5a1fb1; https://github.com/Effect-TS/effect/commit/ca49e76a07343ed1211499e4592c72437ae6aeaa; https://github.com/Effect-TS/effect/commit/c9b80fc89afc7ef2a64ca4e74f0d6823e0a859af,
7941,fix(DurableDeferred): require encoding services when recording exits,MERGED,merged,2026-09-03T17:06:25Z,2026-09-04T03:58:33Z,2026-09-04T03:58:33Z,tim-smart,tim-smart,https://github.com/Effect-TS/effect/pull/7941,876647502300b9fb79d163de10fd497716d93be0,3,kitlangton=1; tim-smart=2,True,2,False,Kit's retained first commit exposes missing services; Tim supplied the encoding-service declaration fix and removed the change-specific type coverage.,No specific later follow-up identified.,7940,https://github.com/Effect-TS/effect/commit/7e585f940187dabe9408c6ccba78ef44a080a133; https://github.com/Effect-TS/effect/commit/93159e3ece6d6d0481b449ec5117f7e2eb0ecacf; https://github.com/Effect-TS/effect/commit/5861ae32c7c1e9411cb4479642d75c9d032ec0c8,
7943,fix(platform-deno): apply writeFile modes only during creation,MERGED,merged,2026-09-03T17:17:18Z,2026-09-04T03:29:32Z,2026-09-04T03:29:32Z,tim-smart,tim-smart,https://github.com/Effect-TS/effect/pull/7943,862ba71de074b0fae5c0b35916643f57b0216e9b,3,tim-smart=3,True,2,True,The retained Tim-authored sequence verifies both preserving an existing mode and applying the requested mode on creation.,No specific later follow-up identified.,7942,https://github.com/Effect-TS/effect/commit/e8f0e1d2021d35f6308ed61967d2f8f8777fd8f2; https://github.com/Effect-TS/effect/commit/71c33f8491f8f55835bb84f1c0fad9e73b168e67; https://github.com/Effect-TS/effect/commit/89fb1a1b35c8fbb8ddab2454e697b881cdfaa553,a6ceb98e89cffdb59297764299bdb35728af63f1; c85fc0b8f2195780929d6fc8ecdc084faf18736c; 93f32c93ca0ba14ac454385796322d0a4a1ef7d7
7945,fix(HttpClient): constrain catch recovery to HTTP responses,MERGED,merged,2026-09-03T18:05:50Z,2026-09-04T05:07:23Z,2026-09-04T05:07:23Z,tim-smart,tim-smart,https://github.com/Effect-TS/effect/pull/7945,a71140fbe79809aa5311a55b1c6908905dc2df26,4,kitlangton=1; tim-smart=3,True,1,True,Tim requested matching the existing data-last overload and keeping only one or two regression checks; the final correction is type-only.,No specific later follow-up identified.,7944,https://github.com/Effect-TS/effect/commit/b0cc7f1a8180111d42f1bd0848c90614489a4293; https://github.com/Effect-TS/effect/commit/d73fcf4fc9f014ca71c0f135ff0713838d950710; https://github.com/Effect-TS/effect/commit/63f40dd9ce156ae1207df3d27e53bff92908fce5; https://github.com/Effect-TS/effect/commit/4f5d68e60637f1204cd4cf8f05dd98782e39b211,ca6f0dc4fcea564b351bf505df015d16a8b965ed
7947,fix(sql-sqlite-wasm): retain native worker error codes,MERGED,merged,2026-09-03T19:31:34Z,2026-09-04T02:51:46Z,2026-09-04T02:51:46Z,tim-smart,tim-smart,https://github.com/Effect-TS/effect/pull/7947,88593e4abca7065512214a0affd15fa401b0d64e,3,kitlangton=1; tim-smart=2,True,1,False,"Tim refined native-code metadata and removed a stale client assertion, then deleted the standalone WorkerError tests.",No specific later follow-up identified.,7946,https://github.com/Effect-TS/effect/commit/3e3eac00728e33a30a77da3d489ace26f5d438b3; https://github.com/Effect-TS/effect/commit/c5b5537a896c700bca66e55eea652b16943eb9df; https://github.com/Effect-TS/effect/commit/956e974f531548b703ebb4443c680b7a82981f4e,
7949,fix(sql-sqlite-wasm): release memory stream cursors on early exit,CLOSED,closed_unmerged_no_recorded_reason,2026-09-03T19:47:48Z,,2026-09-04T02:22:10Z,,tim-smart,https://github.com/Effect-TS/effect/pull/7949,,2,kitlangton=1; tim-smart=1,True,1,,Tim narrowed the native cursor-lock regression before closing. No explanatory closure comment.,No confirmed merged replacement identified.,7948,https://github.com/Effect-TS/effect/commit/c0fb8675e71b16a97f1e2c80f8658baee6d5217a; https://github.com/Effect-TS/effect/commit/e6abaa96318de197cc671ee198ce40239d9e5242,
7951,fix(sql-sqlite-wasm): start native message ports,MERGED,merged,2026-09-03T19:50:53Z,2026-09-04T03:32:25Z,2026-09-04T03:32:25Z,tim-smart,tim-smart,https://github.com/Effect-TS/effect/pull/7951,f4981cf9a5f68f283d40034bd221f38bdeab01c0,3,kitlangton=1; tim-smart=2,True,2,True,"Tim added failing endpoint startup tests and landed start-after-listener registration, including extracted SharedWorker-port cleanup.",No specific later follow-up identified.,7950,https://github.com/Effect-TS/effect/commit/06dd8d1820d742971c35f518247925002b946175; https://github.com/Effect-TS/effect/commit/c1dbfa040ec9b5600bfc82baaa8252f474fd26f1; https://github.com/Effect-TS/effect/commit/5f9d69215befb00d39a8d7209a93331f40e9a072,
7953,fix(sql-sqlite-wasm): retain statement-specific result columns,MERGED,merged,2026-09-03T19:51:39Z,2026-09-04T05:45:57Z,2026-09-04T05:45:57Z,tim-smart,tim-smart,https://github.com/Effect-TS/effect/pull/7953,4b7e6c74d2177c55209ceb901e0ae8533267a527,5,kitlangton=1; tim-smart=4,True,3,True,Tim reduced statement-column tests and simplified the worker protocol to per-row column arrays.,No specific later follow-up identified.,7952,https://github.com/Effect-TS/effect/commit/544618f73502c2439bc815dc34fe3c6a41fd8cf0; https://github.com/Effect-TS/effect/commit/6cbc3f998a678d848d82c2a7e4e3282462452d1e; https://github.com/Effect-TS/effect/commit/54891943b032cd1eb731772d40e63995b323b3da; https://github.com/Effect-TS/effect/commit/e9c293faaeda79c1cf8a11610bf50d55583c45d1; https://github.com/Effect-TS/effect/commit/3266181e0c9724631a5ed4098ba384c9155165ba,
7959,fix(AtomHttpApi): dispatch top-level group endpoints,MERGED,merged,2026-09-03T23:47:42Z,2026-09-04T03:59:10Z,2026-09-04T03:59:10Z,tim-smart,tim-smart,https://github.com/Effect-TS/effect/pull/7959,d150a643c4f60da2dc19ae813b807d48b580087e,2,tim-smart=2,True,3,True,The retained branch is Tim-authored test/fix commits selecting the root generated client for top-level groups.,No specific later follow-up identified.,7958,https://github.com/Effect-TS/effect/commit/d1b27d09b7d211f31996b7285fd960914089b991; https://github.com/Effect-TS/effect/commit/3394255829860937a9baf61f47f09a9625ee86c1,fc668b61e9755545a47582dee6c4425d5652cbb6
7961,fix(reactivity): honor explicit zero query TTL values,MERGED,merged,2026-09-03T23:47:49Z,2026-09-04T05:43:18Z,2026-09-04T05:43:18Z,tim-smart,tim-smart,https://github.com/Effect-TS/effect/pull/7961,05b1e80cde3a8da1ff1afe288f8539b72c05bb87,4,kitlangton=1; tim-smart=3,True,2,True,Tim removed the standalone zero-TTL matrix and added focused coverage in the two adapter suites.,No specific later follow-up identified.,7960,https://github.com/Effect-TS/effect/commit/022b62e0e99ad5997ac01a334fb61a3132602508; https://github.com/Effect-TS/effect/commit/d6a6735a643c4f15ffeb4f644c40a37e64d2de69; https://github.com/Effect-TS/effect/commit/f7f44c2da2f25ddae3026bfb27c71cd6193545da; https://github.com/Effect-TS/effect/commit/8581c663e893196fe93742f8dfcb51b42f5e76fb,79ae49f19cab9a42c8f27ae8b104d5e39e6131fa; fc668b61e9755545a47582dee6c4425d5652cbb6
7963,fix(AtomRpc): preserve client middleware error types,MERGED,merged,2026-09-03T23:47:56Z,2026-09-04T06:16:55Z,2026-09-04T06:16:56Z,tim-smart,tim-smart,https://github.com/Effect-TS/effect/pull/7963,414dc9056a39aa22f7cc27aeb5e631231ce50982,4,kitlangton=1; tim-smart=3,True,2,True,"Tim cleaned up the declaration fix, removed the PR-specific tests, and added focused middleware-error assertions in the main AtomRpc suite.","Adjacent type fix: [#8067](https://github.com/Effect-TS/effect/pull/8067), merged September 5, includes Rpc's sixth requirements parameter when matching query types. The missing parameter predates this middleware-error-union correction.",7962,https://github.com/Effect-TS/effect/commit/e55f9ae3ae6c424db6398e62916f850ba18fc5b0; https://github.com/Effect-TS/effect/commit/efa80461957acfd5269c2cd534ce2a66cc31425e; https://github.com/Effect-TS/effect/commit/ada7468dcad92c0c782b4a3ed386253b907763cf; https://github.com/Effect-TS/effect/commit/59c004e029189d551eed98e035cc5b4f5dfb4576,79ae49f19cab9a42c8f27ae8b104d5e39e6131fa
7965,fix(AtomHttpApi): expose generated client stream success types,MERGED,merged,2026-09-03T23:49:07Z,2026-09-04T06:05:21Z,2026-09-04T06:05:21Z,tim-smart,tim-smart,https://github.com/Effect-TS/effect/pull/7965,fe4fed1b014c78043a8efe37520c527100910010,4,kitlangton=1; tim-smart=3,True,3,True,Tim consolidated/reduced generated-client stream typing checks and added decoded-response-stream coverage.,"Related extension: [#7954](https://github.com/Effect-TS/effect/pull/7954), merged September 5, threads per-call SSE decode options through AtomHttpApi and includes them in query cache keys. It is not a correction to this stream-success type mapping.",7964,https://github.com/Effect-TS/effect/commit/63523f2dc3d77d35bfe9fadff625a2d4d70a1b30; https://github.com/Effect-TS/effect/commit/69bf10c3523f3ca371b1091ef83ab574e9fd6ce0; https://github.com/Effect-TS/effect/commit/d41dfc9bc9a9dd48cf76fef315b9da5cb3fb6b40; https://github.com/Effect-TS/effect/commit/38db0f395aa8848b77138affcfd8799e8279dbfe,fc668b61e9755545a47582dee6c4425d5652cbb6
7967,fix(FiberHandle): keep same-fiber registrations idempotent,MERGED,merged,2026-09-03T23:49:14Z,2026-09-04T04:05:40Z,2026-09-04T04:05:40Z,tim-smart,tim-smart,https://github.com/Effect-TS/effect/pull/7967,84ad49a357ef156b4ff46cefc945efbe3e292eff,2,kitlangton=1; tim-smart=1,True,1,True,Tim simplified same-fiber registration regressions beside the existing FiberHandle/FiberMap onlyIfMissing cases.,No specific later follow-up identified.,7966,https://github.com/Effect-TS/effect/commit/079f2f3b76bfcc6022cdd7db13abf24edb2e97fa; https://github.com/Effect-TS/effect/commit/973668dd00f7d0623ede67f3381fbe021f7664a7,
7969,fix(bundle): propagate requested output write failures,MERGED,merged,2026-09-03T23:49:21Z,2026-09-04T04:14:04Z,2026-09-04T04:14:04Z,tim-smart,tim-smart,https://github.com/Effect-TS/effect/pull/7969,b17bcf6f55aa9feacc004e4eb727611572ab5a81,4,kitlangton=1; tim-smart=3,True,1,False,"Tim replaced the single-writer FiberSet with direct Effect.all coordination of writing and gzip measurement, then deleted the standalone Rollup tests.",No specific later follow-up identified.,7968,https://github.com/Effect-TS/effect/commit/0f73c1c703f839234e8ded7f22bdf419829ccb7e; https://github.com/Effect-TS/effect/commit/38791a2162698fbe9ad27c8e846d3290e5d76a1e; https://github.com/Effect-TS/effect/commit/841a9f73cb2bfea977fca445f9a5f9c6fa4a6b8e; https://github.com/Effect-TS/effect/commit/46e3a7a4bbbf6c390433613fe6652e15d61536b7,
7971,fix(bundle): decode module URLs before discovering fixtures,MERGED,merged,2026-09-03T23:49:29Z,2026-09-04T06:05:15Z,2026-09-04T06:05:15Z,tim-smart,tim-smart,https://github.com/Effect-TS/effect/pull/7971,be6b6af60a719b119b3820da5fbf1ba9c48712e6,5,kitlangton=1; tim-smart=4,True,2,True,"Tim reduced fixture-path coverage, revised the changeset, and moved the regression into the main Plugins suite.",No specific later follow-up identified.,7970,https://github.com/Effect-TS/effect/commit/e2fd7c8b111cff4f1d002422699516ac763e3de1; https://github.com/Effect-TS/effect/commit/14a8aacb9a08c81165ed8ebea4fe0c6fb35b5f7a; https://github.com/Effect-TS/effect/commit/24d902b176a591b29deb04d6e13f35c053a5dda1; https://github.com/Effect-TS/effect/commit/433d87c1cf23722317995c34b386961396c57eb3; https://github.com/Effect-TS/effect/commit/9308df943db77e05186968620d0524ee95bbcbee,
7973,fix(oxc): preserve bigint precision in literal fixes,MERGED,merged,2026-09-03T23:49:36Z,2026-09-04T04:10:29Z,2026-09-04T04:10:29Z,tim-smart,tim-smart,https://github.com/Effect-TS/effect/pull/7973,3e2a8adf67bc499ff878f91d6fa36031fc2c05aa,3,kitlangton=1; tim-smart=2,True,1,False,"Tim focused the bigint precision regression, then deleted the standalone fixer test file; quoted exact decimal digits remain in the autofix.",No specific later follow-up identified.,7972,https://github.com/Effect-TS/effect/commit/1bd559c05d74df0d055ebb6630e34ca4e0b8889d; https://github.com/Effect-TS/effect/commit/7ad9aedceee01ebd042c08e60328c378960749c5; https://github.com/Effect-TS/effect/commit/eb17dbd78bf772e5ab5a71a1a59cae20b623d132,
7975,fix(oxc): escape rewritten import specifiers,MERGED,merged,2026-09-03T23:49:43Z,2026-09-04T04:35:33Z,2026-09-04T04:35:33Z,tim-smart,tim-smart,https://github.com/Effect-TS/effect/pull/7975,d39041ea2bfcd70fd7962abc3a80eb6fe57071a4,2,kitlangton=1; tim-smart=1,True,1,True,Tim strengthened import/re-export string-escaping coverage.,No specific later follow-up identified.,7974,https://github.com/Effect-TS/effect/commit/65e30600e44b78765010096f06e36d5ec066f3c9; https://github.com/Effect-TS/effect/commit/c8c8a282749b4c6e6ea0a7cbef145d47b4619fe7,
7979,fix(RequestResolver): preserve tagged handler failure causes,MERGED,merged,2026-09-04T02:32:42Z,2026-09-04T04:07:29Z,2026-09-04T04:07:29Z,tim-smart,tim-smart,https://github.com/Effect-TS/effect/pull/7979,bc582c94313cbb89d87b3844ffffabebbb4ffa83,2,kitlangton=1; tim-smart=1,True,1,True,"Tim focused coverage on preserving failure, defect and interruption causes in their original channels.",No specific later follow-up identified.,7978,https://github.com/Effect-TS/effect/commit/05b1860deb8d94ac6b52650d2eab31a710993f25; https://github.com/Effect-TS/effect/commit/ac7ec7775b82875b32168b02584630adfd2fccee,
7981,fix(RequestResolver): consume tagged iterable results,MERGED,merged,2026-09-04T02:32:50Z,2026-09-04T06:03:09Z,2026-09-04T06:03:10Z,tim-smart,tim-smart,https://github.com/Effect-TS/effect/pull/7981,2c63f1e07e375b7958e14929c6a4b358c819a9d0,4,kitlangton=1; tim-smart=3,True,3,True,"Tim consolidated arrays, array iterators and generators into focused tagged-result cases and tightened the release note.",No specific later follow-up identified.,7980,https://github.com/Effect-TS/effect/commit/c5343eb13ae994880b88ff4012b2d54dc476f1e6; https://github.com/Effect-TS/effect/commit/ac61edaafdcd76b8000bdf3d8250932deb45eb41; https://github.com/Effect-TS/effect/commit/b9fab246760e3b4794edcbbf76bbafb5b3b760db; https://github.com/Effect-TS/effect/commit/002a3639d0040033ebecaa18618bd54b77b99818,
7983,fix(Layer): forward span stack-capture options,MERGED,merged,2026-09-04T02:32:59Z,2026-09-04T04:38:42Z,2026-09-04T04:38:42Z,tim-smart,tim-smart,https://github.com/Effect-TS/effect/pull/7983,248201f7846d855685a4dc1b2f01968981706d69,3,kitlangton=1; tim-smart=2,True,1,True,"Tim focused tracing regressions on caller-frame, disabled and supplied stack captures and clarified the changeset.",No specific later follow-up identified.,7982,https://github.com/Effect-TS/effect/commit/63a400193fbead7c56c2d9d9095efd581c2d1178; https://github.com/Effect-TS/effect/commit/682e988a2eae343828fbf6d800d6d86bd7bb88d3; https://github.com/Effect-TS/effect/commit/71fd05932514aeaa136014437466323debc85bcf,
7985,fix(RateLimiter): report exact fixed-window reset lifetime,MERGED,merged,2026-09-04T02:33:07Z,2026-09-04T04:36:49Z,2026-09-04T04:36:49Z,tim-smart,tim-smart,https://github.com/Effect-TS/effect/pull/7985,f1b291027c3055f801c2f288dda21ba84c361956,2,kitlangton=1; tim-smart=1,True,1,True,Tim consolidated exact/partial/elapsed/overflow fixed-window lifetime coverage in the existing RateLimiter suite.,No specific later follow-up identified.,7984,https://github.com/Effect-TS/effect/commit/4233a7fc435e1dce86810d82f531136c1ed6a18e; https://github.com/Effect-TS/effect/commit/29ecca28c20e1e6b4be631d17e24c00d616c5cb4,44f44cae65249801c082c3a3848016eeeac5eb24
7987,fix(Multipart): add isStreamPart guard,MERGED,merged,2026-09-04T02:33:15Z,2026-09-04T05:24:20Z,2026-09-04T05:24:20Z,tim-smart,tim-smart,https://github.com/Effect-TS/effect/pull/7987,4a59c6a559e69d399b00c6acd48c8e1977e34875,4,kitlangton=1; tim-smart=3,True,1,True,"API redesign: Tim rejected narrowing the existing isPart guard, retained its broad brand semantics, and added the separate isStreamPart guard with tests and docs.","Confirmed documentation repair: [#8105](https://github.com/Effect-TS/effect/pull/8105), merged September 7, adds the required Details heading to the isPart paragraph introduced here. The other repair in that PR concerns separate ChildProcess work.",7986,https://github.com/Effect-TS/effect/commit/f495d3c77aba4d7c32cf3b6a32b8b01189fa8def; https://github.com/Effect-TS/effect/commit/8d63149298a91b45a8336f07998102062d42053c; https://github.com/Effect-TS/effect/commit/647903b7d02a71ad7ff4d75c19b5982726d21f53; https://github.com/Effect-TS/effect/commit/ac68c92b727a022b878e8fb53bac60a2bb10b296,93f32c93ca0ba14ac454385796322d0a4a1ef7d7; cda12840a454d350d4924a038e97d82f81c4eb00
7989,fix(ChildProcess): preserve astral escapes in templates,MERGED,merged,2026-09-04T02:33:23Z,2026-09-04T04:00:15Z,2026-09-04T04:00:15Z,tim-smart,tim-smart,https://github.com/Effect-TS/effect/pull/7989,4ffcaf4c4a94d3d9d5715db91aa37d7f5d9ecd99,3,kitlangton=1; tim-smart=2,True,1,True,Tim reduced the astral-escape regression to the public tagged-template failure.,No specific later follow-up identified.,7988,https://github.com/Effect-TS/effect/commit/ad1a4c3b23a2b5921ae3e50e5cb655d21b375940; https://github.com/Effect-TS/effect/commit/3bef2fde93672a52bf702a4519c2e791ab830ddf; https://github.com/Effect-TS/effect/commit/e8ddc162ea03a2ca17d609fb819d6a73a49e3aa7,cda12840a454d350d4924a038e97d82f81c4eb00; ba2fd822e9618f30d0f430ae4eed2eaa4813e2e3
7991,fix(Metric): scope cached hooks to the selected registry,MERGED,merged,2026-09-04T02:33:30Z,2026-09-04T06:02:51Z,2026-09-04T06:02:51Z,tim-smart,tim-smart,https://github.com/Effect-TS/effect/pull/7991,1579d6fd063e444e4fcdfd08ff194c7485203f9c,4,kitlangton=1; tim-smart=3,True,2,True,"Tim refined registry-specific caching into weak-keyed metadata, reduced the isolation fixture, and added attributed-metric coverage.",No specific later follow-up identified.,7990,https://github.com/Effect-TS/effect/commit/ad049ea779273347b96aa402ebbbec1e8cd77708; https://github.com/Effect-TS/effect/commit/227794cdc3f46032bfaa7298aed8b677e36cfaf6; https://github.com/Effect-TS/effect/commit/32952e90a84e3f56a9dae6b29ede0824a1fb4b0d; https://github.com/Effect-TS/effect/commit/ef952f49b841289d2ccdb63fc9a4226cb10e1721,
7993,fix(Metric): canonicalize attribute order in series keys,MERGED,merged,2026-09-04T02:33:37Z,2026-09-04T05:45:22Z,2026-09-04T05:45:22Z,tim-smart,tim-smart,https://github.com/Effect-TS/effect/pull/7993,53e6c7311b948a62e93e57f6daee66a8ec24b030,5,kitlangton=1; tim-smart=4,True,1,True,"Tim refined attribute-order identity tests, added a different-value control, and simplified the final fixture.",No specific later follow-up identified.,7992,https://github.com/Effect-TS/effect/commit/be47bee730cc7984e1e95a11a255f1764e105c07; https://github.com/Effect-TS/effect/commit/b6570f941e54264323f647a2db67dad4d5a9fcaa; https://github.com/Effect-TS/effect/commit/b503b400b1a88c2af30eb697ef1d901621ff4fb2; https://github.com/Effect-TS/effect/commit/8119d55f4f425d239bfdb069da59b73711267a9a; https://github.com/Effect-TS/effect/commit/4f2b1fef5abe0ece04659e47ddd1c0c5992817d1,
8001,fix(Effect): forward original arguments to eager transforms,MERGED,merged,2026-09-04T06:33:13Z,2026-09-04T09:34:17Z,2026-09-04T09:34:17Z,tim-smart,tim-smart,https://github.com/Effect-TS/effect/pull/8001,4950a914a68306531a1111d4cdc4504aa8d3854e,2,kitlangton=1; tim-smart=1,True,0,True,Tim reduced the eager-transform regression to original-argument forwarding in EffectEager.test.ts.,No specific later follow-up identified.,8000,https://github.com/Effect-TS/effect/commit/138b5f21b83e0e38bd351700ec2e640997bcacd1; https://github.com/Effect-TS/effect/commit/8374e4f2c1d1edef89512ad9622b21d302b1ef20,4907e9b2470894ddaf0cbdec2612b59f04a51dbe; 72cfa2420977919ba57a8e6de538e01e06d5f380; 2a30248b6eb739f22403456209bc468f2f4ef26a
8003,fix(Effect): isolate public callback arguments,CLOSED,closed_unmerged_no_recorded_reason,2026-09-04T06:33:20Z,,2026-09-05T02:33:46Z,,tim-smart,https://github.com/Effect-TS/effect/pull/8003,,4,kitlangton=1; tim-smart=3,True,0,,"Tim reduced the callback matrix, fixed remaining adapters and removed an unused continuation before closing. No explanatory closure comment.",No confirmed merged replacement identified.,8002,https://github.com/Effect-TS/effect/commit/55df9235b6418476465f0acad72ffbd8699b83e3; https://github.com/Effect-TS/effect/commit/2631e9ff48de4e098cc727d0f85216fac9852692; https://github.com/Effect-TS/effect/commit/95c040b684c76394a2527d26f17a347ed53c739b; https://github.com/Effect-TS/effect/commit/4dfc0da58040373ded3c7080b83eab23eec5c31e,
8005,fix(Effect): skip restoration of expired scoped services,MERGED,merged,2026-09-04T06:33:27Z,2026-09-05T02:46:13Z,2026-09-05T02:46:13Z,tim-smart,tim-smart,https://github.com/Effect-TS/effect/pull/8005,c020987a0611c9e610a7eef347648b60026745b8,3,kitlangton=1; tim-smart=2,True,0,True,Tim consolidated and then reduced the expired-service restoration regression.,No specific later follow-up identified.,8004,https://github.com/Effect-TS/effect/commit/c29c81ced762e66605957ee278e7af922069249e; https://github.com/Effect-TS/effect/commit/9bd114f9cda4697f6c08712f0c9bf6c786f71b41; https://github.com/Effect-TS/effect/commit/d80489b03c0afe4f10748c4bed28c81b59bfe327,4907e9b2470894ddaf0cbdec2612b59f04a51dbe; 72cfa2420977919ba57a8e6de538e01e06d5f380; 2a30248b6eb739f22403456209bc468f2f4ef26a
8007,fix(Effect): preserve causes for unmatched reasons,MERGED,merged,2026-09-04T06:33:35Z,2026-09-04T23:53:10Z,2026-09-04T23:53:10Z,tim-smart,tim-smart,https://github.com/Effect-TS/effect/pull/8007,abe95d12340e1dd435e5df623b1967bf01938c94,2,tim-smart=2,True,1,True,The retained branch is Tim-authored test/fix commits tightening recovery predicates so unmatched reasons preserve the complete original cause.,No specific later follow-up identified.,8006,https://github.com/Effect-TS/effect/commit/11238458ba84ad8ff779645e3c1c3803217b7648; https://github.com/Effect-TS/effect/commit/068afc0f666e400dba342b0f5650203fb01f35ee,4907e9b2470894ddaf0cbdec2612b59f04a51dbe; 72cfa2420977919ba57a8e6de538e01e06d5f380; 2a30248b6eb739f22403456209bc468f2f4ef26a
8009,fix(Effect): type effectify mapper caller inputs,MERGED,merged,2026-09-04T06:33:43Z,2026-09-05T03:36:38Z,2026-09-05T03:36:38Z,tim-smart,tim-smart,https://github.com/Effect-TS/effect/pull/8009,a29b8f4de5aee58dd9ee645365c04cfe1ea6fa9f,2,kitlangton=1; tim-smart=1,True,0,True,Tim replaced separate type/runtime fixtures with one existing-suite type test and three exact mapper-input assertions.,No specific later follow-up identified.,8008,https://github.com/Effect-TS/effect/commit/3bce82242c4d8a5885da561ba2f7393296b60217; https://github.com/Effect-TS/effect/commit/4fad59c5fa1af5e386e70f181c41437a11cc0841,
8012,fix(Effect): preserve errors in saved tapDefect operators,MERGED,merged,2026-09-04T06:33:50Z,2026-09-04T09:49:29Z,2026-09-04T09:49:29Z,tim-smart,tim-smart,https://github.com/Effect-TS/effect/pull/8012,7b2c5bd3c394fa4751fb229394ac9c03e401f441,3,kitlangton=1; tim-smart=2,True,0,True,Tim reduced type coverage and simplified tapDefect to one overload per call style.,No specific later follow-up identified.,8011,https://github.com/Effect-TS/effect/commit/4333f5db104e6ad0dfe1b0bc56296c75f0fae3bb; https://github.com/Effect-TS/effect/commit/d531450e68c451fba4e6f293fd46a43333ddb64b; https://github.com/Effect-TS/effect/commit/5f3168b6dc0fe912af97d8af6326cf763d84b247,4907e9b2470894ddaf0cbdec2612b59f04a51dbe; 72cfa2420977919ba57a8e6de538e01e06d5f380; 2a30248b6eb739f22403456209bc468f2f4ef26a
8014,fix(Effect): retain union-record errors and services,MERGED,merged,2026-09-04T06:33:57Z,2026-09-05T02:54:58Z,2026-09-05T02:54:58Z,tim-smart,tim-smart,https://github.com/Effect-TS/effect/pull/8014,d6422f4104062e3e176abe92ef0e444cd4cc6bab,4,kitlangton=1; tim-smart=3,True,0,True,Tim added union-record option coverage and moved the distributive helper to the namespace's end.,No specific later follow-up identified.,8013,https://github.com/Effect-TS/effect/commit/0c82441a4045f25d4beaddfa6c3f19cd0f85b282; https://github.com/Effect-TS/effect/commit/aee0ecb047324c9e4e3a5aaa17dc9362f937d827; https://github.com/Effect-TS/effect/commit/59df0ae8fde59c6246b8180cb284d8130305dd6c; https://github.com/Effect-TS/effect/commit/32de18c35415cd90d7c9db65d60e4c48910008c7,
8016,fix(Effect): retain direct constructor error types,MERGED,merged,2026-09-04T06:34:04Z,2026-09-05T02:46:10Z,2026-09-05T02:46:10Z,tim-smart,tim-smart,https://github.com/Effect-TS/effect/pull/8016,ee336d80b4024b51654e7a2b8d869d244153fcdf,6,kitlangton=1; tim-smart=5,True,0,True,"Tim found additional unsafe constructor overload calls, tightened direct/mapped overloads, removed mapped error defaults, and reduced the final type-test matrix.",No specific later follow-up identified.,8015,https://github.com/Effect-TS/effect/commit/56bd12bd41811f7bc51e27bbab9cc865da84a494; https://github.com/Effect-TS/effect/commit/92586949044f75ab4749a5bcf16f0fefc9d18efc; https://github.com/Effect-TS/effect/commit/2c0b4e7e1d7d11d742c34f2324ecd42d4d8cd206; https://github.com/Effect-TS/effect/commit/0984fd5c9278c778e5646c148a37a9ee12420e66; https://github.com/Effect-TS/effect/commit/1cd580f2bfd20fba35d1fda9098c9f12e19e4dc5; https://github.com/Effect-TS/effect/commit/8b58fc1cc6084c103b4f1230ada025c5fbe0c7bf,
8020,fix(Effect): install cleanup before invoking use callbacks,MERGED,merged,2026-09-04T09:00:37Z,2026-09-05T02:39:39Z,2026-09-05T02:39:39Z,tim-smart,tim-smart,https://github.com/Effect-TS/effect/pull/8020,14526354f3d0288bd1d0a85c8d4aeee8abe2cd9b,3,kitlangton=1; tim-smart=2,True,0,True,Tim focused callback-defect cleanup tests and corrected the initial change to preserve acquireUseRelease use-callback masking.,No specific later follow-up identified.,8019,https://github.com/Effect-TS/effect/commit/70d925e37a74c806bb0ba8329c2e3de08bed2869; https://github.com/Effect-TS/effect/commit/70652bba6b256f8356735b910f3eb35b15b194d2; https://github.com/Effect-TS/effect/commit/9e96a770dea62222e9083dbb3cb50179d13c18ac,4907e9b2470894ddaf0cbdec2612b59f04a51dbe; 72cfa2420977919ba57a8e6de538e01e06d5f380; 2a30248b6eb739f22403456209bc468f2f4ef26a
8022,fix(Effect): type repeatOrElse fallback metadata correctly,MERGED,merged,2026-09-04T09:00:44Z,2026-09-05T02:37:38Z,2026-09-05T02:37:38Z,tim-smart,tim-smart,https://github.com/Effect-TS/effect/pull/8022,8426e5f7ad11f15e39565cf8ba0874bf974f5085,5,kitlangton=1; tim-smart=4,True,0,True,"Tim updated metadata examples/migration guidance, reduced tests to fallback types, and clarified the changeset.",No specific later follow-up identified.,8021,https://github.com/Effect-TS/effect/commit/9f4637783ac8fb33c4d5050d6a04edbbbd12b671; https://github.com/Effect-TS/effect/commit/83d4122cf32d35e1dd0299dc308fde96286c7d7f; https://github.com/Effect-TS/effect/commit/7717a90c1e486c22e987766c3561898dcb5b681a; https://github.com/Effect-TS/effect/commit/5b0b5bddf67149cee4868b5bbc9f475cc4308120; https://github.com/Effect-TS/effect/commit/fa3817bcc594bb39d53843fc2f431941f7aa1b0d,
8024,fix(Types): retain required named keys on indexed records,MERGED,merged,2026-09-04T09:00:52Z,2026-09-05T02:46:52Z,2026-09-05T02:46:52Z,tim-smart,tim-smart,https://github.com/Effect-TS/effect/pull/8024,0d9821346453d44696258103643d5482e63638b4,5,kitlangton=1; tim-smart=4,True,0,True,"Tim simplified RequiredKeys helpers, shortened documentation, and reduced the indexed-record type-test matrix.",No specific later follow-up identified.,8023,https://github.com/Effect-TS/effect/commit/a66d0b6f978c45368a6bc5722700810018c3817f; https://github.com/Effect-TS/effect/commit/88188b878dbc787e5a2d4584bb13609dfed9323d; https://github.com/Effect-TS/effect/commit/da33a59bae953dadf40841341a65f2d6e9f93d57; https://github.com/Effect-TS/effect/commit/72cb1eb582931c445f93f3f4646a6c98cd244691; https://github.com/Effect-TS/effect/commit/f55b10844c73335cbb01a06abd3c20f1bff35db5,
8026,fix(Effect): restore scoped NaN log annotations,MERGED,merged,2026-09-04T09:01:00Z,2026-09-05T03:07:08Z,2026-09-05T03:07:08Z,tim-smart,tim-smart,https://github.com/Effect-TS/effect/pull/8026,0847c41e2472a347cd8f77d460d3cbdfecd4adf0,4,kitlangton=1; tim-smart=3,True,0,True,Tim moved/reduced caller-managed-scope NaN restoration cases into Logger.test.ts and shortened the changeset.,No specific later follow-up identified.,8025,https://github.com/Effect-TS/effect/commit/ea07d7ea1f2f37fb5228d320c0d0b3170909e13d; https://github.com/Effect-TS/effect/commit/787259b5a771388c147a277f1fb8b18c395aa84f; https://github.com/Effect-TS/effect/commit/b2b55c0a24fad4b9df656918367d9bd68b026f28; https://github.com/Effect-TS/effect/commit/a96e4c9544c3cf8900409c2167c73e7f2c0eed3d,4907e9b2470894ddaf0cbdec2612b59f04a51dbe; 72cfa2420977919ba57a8e6de538e01e06d5f380; 2a30248b6eb739f22403456209bc468f2f4ef26a
8028,fix(Effect): return an Effect type from withErrorReporting,MERGED,merged,2026-09-04T09:01:08Z,2026-09-04T10:26:03Z,2026-09-04T10:26:03Z,tim-smart,tim-smart,https://github.com/Effect-TS/effect/pull/8028,bd393d63c19bdd0ab212d95576cec89051c8501c,3,kitlangton=1; tim-smart=2,True,0,True,Tim added an Exit-subtype type regression and narrowed withErrorReporting's return declaration.,No specific later follow-up identified.,8027,https://github.com/Effect-TS/effect/commit/a4f8c48fff88b7f4d23414be459135885a0e09ac; https://github.com/Effect-TS/effect/commit/23457e87d1ec04abfaa85f9214b5130e36507e0a; https://github.com/Effect-TS/effect/commit/3599e58dbb9ba8d90fdeebb8a7dc62b57122d19f,4907e9b2470894ddaf0cbdec2612b59f04a51dbe; 72cfa2420977919ba57a8e6de538e01e06d5f380; 2a30248b6eb739f22403456209bc468f2f4ef26a
8030,fix(Effect): constrain mapped track source errors to the mapper domain,MERGED,merged,2026-09-04T09:01:17Z,2026-09-05T02:28:26Z,2026-09-05T02:28:26Z,tim-smart,tim-smart,https://github.com/Effect-TS/effect/pull/8030,50ef80e251b85b5ee63aed06fe0244b5433ec2fa,7,kitlangton=1; tim-smart=6,True,0,True,"Tim folded coverage into existing suites, reduced it to incompatible-error rejection and narrow-error preservation, and simplified migration/release notes.",No specific later follow-up identified.,8029,https://github.com/Effect-TS/effect/commit/9eeeed704909d52f64b13d54e104e2f21b5ad2b0; https://github.com/Effect-TS/effect/commit/0c357d8be5fe7ff65015693f4e6b6ecf03b5e9a4; https://github.com/Effect-TS/effect/commit/6dee81d8ba143689b482706114574530093de5da; https://github.com/Effect-TS/effect/commit/d11bf31576ad0ee3c9b53158cb5284a17e026809; https://github.com/Effect-TS/effect/commit/93d453f7a2661b79a2f4d2f7d9b14a2ee420c0f3; https://github.com/Effect-TS/effect/commit/269c2ee98e0242246d3841987ddfa7ff119aaac8; https://github.com/Effect-TS/effect/commit/8cc14a03ce8102685ffd5e38705dd8915791b84f,
8032,fix(Effect): complete source cleanup before timeout fallback,MERGED,merged,2026-09-04T09:01:25Z,2026-09-05T00:03:06Z,2026-09-05T00:03:06Z,tim-smart,tim-smart,https://github.com/Effect-TS/effect/pull/8032,1c2afc15bbf4ce5a91d24da99bc275b5bd744e77,6,kitlangton=1; tim-smart=5,True,0,True,"Tim reduced timeout/fallback lifetime tests, simplified the continuation expression, and tightened documentation and compatibility notes.",No specific later follow-up identified.,8031,https://github.com/Effect-TS/effect/commit/1814034bdadf1b4bdba7c35287b189419d91691d; https://github.com/Effect-TS/effect/commit/8aa11ddb3d3220cb45f5904c994321e970328c8b; https://github.com/Effect-TS/effect/commit/4de556d6feb6e6bef76c65d96baec15eaf5ca297; https://github.com/Effect-TS/effect/commit/294dd2e21e9ea66771d43e466af4bbb976d274a3; https://github.com/Effect-TS/effect/commit/3f739eaac7f731382d0442f54f50a6716fdea096; https://github.com/Effect-TS/effect/commit/cde31675fc32227e82712a6851072c31619bcd6f,4907e9b2470894ddaf0cbdec2612b59f04a51dbe; 72cfa2420977919ba57a8e6de538e01e06d5f380; 2a30248b6eb739f22403456209bc468f2f4ef26a
8041,fix(docgen): validate parsed class property examples,MERGED,merged,2026-09-04T12:24:34Z,2026-09-05T20:30:18Z,2026-09-05T20:30:18Z,tim-smart,tim-smart,https://github.com/Effect-TS/effect/pull/8041,32f9c60189225e0105af46d532272f7462b39aa8,3,kitlangton=1; tim-smart=2,True,0,True,Tim clarified that previously unchecked property examples can now fail docgen and consolidated coverage in Core.test.ts using its fake spawner.,No specific later follow-up identified.,8040,https://github.com/Effect-TS/effect/commit/d5d9bf54157c54d478b37fe5bcc66f37045bb330; https://github.com/Effect-TS/effect/commit/57bba7cd7afd0e164387f1476b14ab5a8aecc221; https://github.com/Effect-TS/effect/commit/e7a691be4c8fa8fda5d56685132cda367c422b06,
8043,fix(docgen): keep colliding module examples in distinct files,MERGED,merged,2026-09-04T12:24:42Z,2026-09-05T20:38:42Z,2026-09-05T20:38:42Z,tim-smart,tim-smart,https://github.com/Effect-TS/effect/pull/8043,1747d842c80413dc4488574600c935d240d662d2,4,kitlangton=1; tim-smart=3,True,0,False,"Tim clarified unique temporary filenames, first consolidated the collision tests, then removed all newly added regression coverage before merge.",No specific later follow-up identified.,8042,https://github.com/Effect-TS/effect/commit/89389710fb0e983433d25a81a3c03c801d215d7b; https://github.com/Effect-TS/effect/commit/08c7647e6d066de3e58e114e0fad87903401b104; https://github.com/Effect-TS/effect/commit/5354414c8c1a28b6143d4618d55708316f4644df; https://github.com/Effect-TS/effect/commit/a59b45e8d28d7a3a5b8ed76df9dacb75d6d4b5ea,
8045,fix(api-diff): preserve CRLF import-map replacement guidance,MERGED,merged,2026-09-04T12:24:50Z,2026-09-05T09:53:24Z,2026-09-05T09:53:24Z,tim-smart,tim-smart,https://github.com/Effect-TS/effect/pull/8045,f9235832c4638437876b96f25b0423d1727b8030,3,kitlangton=1; tim-smart=2,True,0,True,Tim replaced a standalone 90-case matrix with three existing-suite line-ending cases and deleted the changeset for the private tool.,No specific later follow-up identified.,8044,https://github.com/Effect-TS/effect/commit/ad4fa943f6c053886da247d6e46d0dc57181772a; https://github.com/Effect-TS/effect/commit/b50d9c00bb769d840f0412441c39d61d75844f9a; https://github.com/Effect-TS/effect/commit/4ba5f6059db2134e551cf959664e3a45781c9fc6,
8047,fix(api-diff): preserve migration example fence framing,MERGED,merged,2026-09-04T12:24:58Z,2026-09-05T20:33:41Z,2026-09-05T20:33:41Z,tim-smart,tim-smart,https://github.com/Effect-TS/effect/pull/8047,9f75b5ea51729b033a18d57762325e5aa6a550e1,3,kitlangton=1; tim-smart=2,True,0,True,"Tim found stack overflow in the initial delimiter calculation, replaced it with a shared iterative helper for fences and inline spans, and added large-input regressions.",No specific later follow-up identified.,8046,https://github.com/Effect-TS/effect/commit/4dea9ddd0300d4db260c8e4149ba099e4fc5bfef; https://github.com/Effect-TS/effect/commit/a90ddbb413a00b4d003bbe2af2fbc223451b1c55; https://github.com/Effect-TS/effect/commit/5994e71e9c21ca552c78f6f0652b44c6f25694de,
8049,fix(doctest): execute TypeScript snippets from Markdown and MDX,MERGED,merged,2026-09-04T12:25:05Z,2026-09-05T20:34:41Z,2026-09-05T20:34:41Z,tim-smart,tim-smart,https://github.com/Effect-TS/effect/pull/8049,8efa56986d827b052d5a2abdf996812008e04635,5,kitlangton=1; tim-smart=4,True,0,True,"Tim extended the original Markdown fix to MDX, shared format detection, and tested native execution, relative imports, source maps, diagnostics and assertion composition.",Open downstream work: [#8079](https://github.com/Effect-TS/effect/pull/8079) explicitly references this PR while updating MCP.md examples and asking how to mark them for doctest execution. It remains open. The doctest PR also reports the JSDoc errors later repaired by #8105; those errors were in other modules.,8048,https://github.com/Effect-TS/effect/commit/d356888a5695d1f2c46c34b0f01a413803f7dee3; https://github.com/Effect-TS/effect/commit/f54ec0e14a0f2a7ce1699d0397a6f381b574670f; https://github.com/Effect-TS/effect/commit/aa39bb4075b8fb06c6cd90cd646b5342da75958c; https://github.com/Effect-TS/effect/commit/c07516b93d9ec36f304fabfdb3769de3e4724079; https://github.com/Effect-TS/effect/commit/7d3f25a137f52ae0532a49745632cf04436bec1a,
8051,fix(docgen): make module page paths relative to the source root,MERGED,merged,2026-09-04T12:25:15Z,2026-09-05T20:45:25Z,2026-09-05T20:45:25Z,tim-smart,tim-smart,https://github.com/Effect-TS/effect/pull/8051,e7eebf4685c294b423da3f7618629c0e0efc34cc,2,kitlangton=1; tim-smart=1,True,1,True,Tim moved source-relative module-page cases into Core.test.ts and removed the standalone harness.,No specific later follow-up identified.,8050,https://github.com/Effect-TS/effect/commit/300d5aba7bfec84dbd0bb44ee7069f24a79f75cf; https://github.com/Effect-TS/effect/commit/fb1d5b7880d4f2545310d4fb5e676be2dd84e257,
8057,fix(cli): reset date input buffer on Tab navigation,MERGED,merged,2026-09-04T16:57:08Z,2026-09-05T20:31:08Z,2026-09-05T20:31:08Z,tim-smart,tim-smart,https://github.com/Effect-TS/effect/pull/8057,d681c2eb1bb07d782540286368e8b42533df3063,3,kitlangton=1; tim-smart=2,True,0,True,Tim clarified the date-input change and reduced tests to Tab advancement/wraparound plus same-field digit accumulation.,No specific later follow-up identified.,8056,https://github.com/Effect-TS/effect/commit/e4522880d6501e5d3c1fd84a368e65a07197234f; https://github.com/Effect-TS/effect/commit/fa1e2e1ae28af33b00e344170cda96ab50ec1208; https://github.com/Effect-TS/effect/commit/f57c11111f7c61535f9c35f5f520f4b10ebf7519,9f37e58d00e06150d96af48fffe780947ca0d519
8059,fix(cli): preserve option-looking flag values in wizard mode,MERGED,merged,2026-09-04T16:57:17Z,2026-09-05T20:29:05Z,2026-09-05T20:29:05Z,tim-smart,tim-smart,https://github.com/Effect-TS/effect/pull/8059,9bbe1a5940eee4642ffe854356128b617e0a064c,3,kitlangton=1; tim-smart=2,True,0,True,Tim clarified wizard flag handling and consolidated negative/option-looking/repeated/redacted-value regressions into Command.test.ts.,No specific later follow-up identified.,8058,https://github.com/Effect-TS/effect/commit/868e5268f1beab61784884c813e89f8eac7f27e8; https://github.com/Effect-TS/effect/commit/6302ff91e98bb74d27d3bc7239d06cfd387b757a; https://github.com/Effect-TS/effect/commit/49bd5d3040bdce23aa8239435e812d519015d1b3,
